,path,bb_x1,bb_y1,bb_x2,bb_y2
0,hats\14_0.jpg,512.6777,104.28011,650.0419,286.3816
1,hats\14_1.jpg,611.7434,109.726456,744.2762,293.32187
2,hats\14_2.jpg,548.3819,107.334625,689.33234,288.14252
3,hats\14_3.jpg,606.0946,104.31671,740.34436,292.61243
4,hats\14_4.jpg,547.21375,80.76338,677.7528,274.44144
5,hats\25_1235.jpg,717.61505,47.654926,911.97437,311.20425
6,hats\25_1236.jpg,712.5094,33.06387,925.53064,331.52536
7,hats\25_1237.jpg,602.29346,143.06598,826.76733,419.67142
8,hats\25_1238.jpg,604.27924,153.3601,843.173,427.23273
9,hats\25_1239.jpg,849.65576,27.439138,1074.4883,291.60074
10,hats\25_1240.jpg,733.4877,46.562344,969.9121,325.6238
11,hats\25_1241.jpg,784.67584,20.76622,1043.921,309.91623
12,hats\25_1242.jpg,723.0172,1.4196825,934.81696,235.55014
13,hats\25_1243.jpg,833.7317,132.39908,1055.744,379.3149
14,hats\25_1244.jpg,781.9312,77.351364,1012.1249,324.49194
15,hats\25_1245.jpg,787.23016,89.81112,987.81683,390.4147
16,hats\25_1246.jpg,799.0331,104.34458,1037.4547,338.89197
17,hats\25_1247.jpg,641.97577,133.33524,846.6256,365.30685
18,hats\25_1248.jpg,636.3212,120.648,855.9305,355.61288
19,hats\25_1249.jpg,706.6611,43.760723,917.40936,306.02225
20,hats\25_1250.jpg,720.9165,52.78583,961.06226,339.9909
21,hats\25_1251.jpg,760.65845,104.69896,972.7257,348.93024
22,hats\25_1253.jpg,252.36038,139.05305,477.48083,408.14792
23,hats\25_1256.jpg,581.0017,59.302418,800.2815,323.7866
24,hats\25_1257.jpg,733.6189,27.891197,954.59546,292.0052
25,hats\25_1258.jpg,658.12317,169.38684,870.4662,419.88013
26,hats\25_1259.jpg,668.25903,136.86694,866.0584,389.87555
27,hats\25_1260.jpg,735.2534,200.9196,984.097,515.1659
28,hats\25_1261.jpg,788.73505,166.42966,1059.582,480.35767
29,hats\25_1262.jpg,714.6972,181.5646,981.3419,524.14075
30,hats\25_1263.jpg,903.0536,197.72095,1179.5465,509.96356
31,hats\25_1264.jpg,820.5476,191.44626,1112.9414,532.9725
32,hats\25_1265.jpg,799.7824,172.17708,1056.787,479.98795
33,hats\25_1266.jpg,779.2931,138.42584,1043.0596,439.29382
34,hats\25_1268.jpg,359.71756,73.69792,593.2522,344.63235
35,hats\25_1269.jpg,392.82104,145.65785,609.48096,407.88602
36,hats\25_1270.jpg,466.29828,156.82657,681.0209,419.89926
37,hats\25_1271.jpg,559.50507,85.24408,766.5885,351.29395
38,hats\25_1272.jpg,526.9054,31.786215,743.6731,299.08392
39,hats\25_1273.jpg,851.7377,11.248122,1077.0347,302.31546
40,hats\25_1274.jpg,712.8882,148.05365,908.7729,386.87042
41,hats\25_1275.jpg,735.3466,88.34128,951.7831,342.75156
42,hats\25_1276.jpg,743.775,39.823006,959.4231,316.48233
43,hats\25_1277.jpg,694.8239,123.65994,908.0072,380.69928
44,hats\25_1278.jpg,751.2863,74.36728,976.37866,340.27795
45,hats\25_1279.jpg,668.8504,85.529915,887.92664,330.817
46,hats\25_1280.jpg,774.8602,109.547005,995.12115,387.88132
47,hats\25_1281.jpg,687.52454,133.93175,893.3491,411.06393
48,hats\25_1282.jpg,575.6517,14.388673,731.455,181.75266
49,hats\25_1341.jpg,294.1881,202.08565,477.5519,403.68787
50,hats\25_1342.jpg,251.81555,122.69112,426.7427,323.68546
51,hats\25_1343.jpg,266.05716,123.443184,430.67828,346.93405
52,hats\25_1344.jpg,349.59937,165.83388,519.07684,353.4472
53,hats\25_1345.jpg,292.54602,152.17593,454.61075,353.7193
54,hats\25_1346.jpg,305.5988,131.51129,489.86755,321.80573
55,hats\25_1347.jpg,319.83942,135.1673,488.21976,325.8898
56,hats\25_1348.jpg,380.82504,149.68861,556.7673,348.73465
57,hats\25_1350.jpg,344.28186,176.24739,549.7619,394.24246
58,hats\25_1351.jpg,424.3068,194.03122,613.3155,399.86703
59,hats\25_1352.jpg,383.5295,172.19092,572.1167,385.9534
60,hats\25_1353.jpg,674.79846,42.926247,890.5419,325.04016
61,hats\25_1354.jpg,679.56775,7.3875976,911.4043,269.08752
62,hats\25_1355.jpg,608.77875,79.47557,814.1714,328.64288
63,hats\25_1356.jpg,603.55554,11.540247,852.1454,325.57635
64,hats\25_1357.jpg,665.9345,100.9545,895.2436,329.92316
65,hats\25_1358.jpg,392.4478,125.313576,616.989,413.22433
66,hats\25_1359.jpg,411.219,208.5866,632.4514,476.77756
67,hats\25_1360.jpg,511.7246,140.5667,759.6026,454.4245
68,hats\25_1361.jpg,473.08304,136.97215,707.8352,468.81976
69,hats\25_1362.jpg,537.6428,126.85034,753.9729,426.593
70,hats\25_1363.jpg,760.7557,121.196014,967.44196,411.85312
71,hats\25_1364.jpg,772.868,133.88843,981.8298,384.3421
72,hats\25_1365.jpg,742.5469,198.53214,944.8424,429.48904
73,hats\25_1366.jpg,914.71564,8.90252,1144.8136,237.73616
74,hats\25_1367.jpg,807.7131,95.39085,1043.8911,361.0361
75,hats\25_1368.jpg,877.5613,64.68668,1109.9778,345.43265
76,hats\25_1369.jpg,797.10645,85.545685,1023.5309,342.48148
77,hats\25_1370.jpg,793.18286,97.58547,1006.5492,355.6774
78,hats\25_1371.jpg,663.5596,35.582047,896.1846,311.6556
79,hats\25_1372.jpg,744.28314,2.0049512,974.20337,282.96796
80,hats\25_1373.jpg,738.7564,9.542012,972.63074,288.06915
81,hats\25_1374.jpg,734.5073,106.231224,962.3456,381.23193
82,hats\25_1375.jpg,684.2501,51.186924,915.28815,349.24152
83,hats\25_1376.jpg,647.07825,50.24135,843.45245,320.1693
84,hats\25_1377.jpg,715.7811,32.158195,919.18,291.06427
85,hats\25_1378.jpg,758.11945,57.988094,965.42975,347.06342
86,hats\25_1379.jpg,738.8209,44.97486,957.5662,307.74756
87,hats\25_1380.jpg,716.31665,90.981926,947.2168,379.44717
88,hats\25_1381.jpg,654.3458,51.082466,850.6592,319.38013
89,hats\25_1382.jpg,663.5318,129.65698,873.18677,370.57388
90,hats\25_1383.jpg,830.92377,124.77815,1049.6177,378.33344
91,hats\25_1384.jpg,791.17957,116.59914,1003.96246,369.16492
92,hats\25_1385.jpg,762.7166,120.18233,979.1947,412.43616
93,hats\25_1386.jpg,785.64746,128.70181,976.12415,416.45966
94,hats\25_1387.jpg,806.12335,138.20528,1025.6936,408.74976
95,hats\25_1388.jpg,714.837,120.75683,934.71594,388.0468
96,hats\25_1389.jpg,781.7617,138.65794,1013.36816,436.27942
97,hats\25_1390.jpg,674.649,182.59041,881.547,440.4137
98,hats\25_1391.jpg,746.27295,144.97415,954.8373,408.25546
99,hats\25_1392.jpg,731.8447,124.0656,969.6436,441.33325
100,hats\25_1393.jpg,782.5409,127.714035,999.6913,419.23364
101,hats\25_1394.jpg,690.7104,123.1139,902.7221,387.30258
102,hats\25_1395.jpg,741.05646,134.37082,971.14874,431.34842
103,hats\25_1397.jpg,775.12946,103.263245,1003.139,382.39734
104,hats\25_1398.jpg,840.5289,80.108185,1063.039,338.02197
105,hats\25_1399.jpg,647.7555,117.04011,868.0021,390.43854
106,hats\25_1400.jpg,721.1878,94.7364,932.43475,352.37973
107,hats\25_1401.jpg,665.85913,105.43563,881.6373,342.4974
108,hats\25_1402.jpg,859.28644,101.83808,1088.9586,354.6899
109,hats\25_1497.jpg,540.26514,82.6254,749.2633,343.51144
110,hats\25_1498.jpg,461.90698,123.07431,689.0152,452.33405
111,hats\25_1499.jpg,418.44885,113.38662,643.0398,427.7605
112,hats\25_1500.jpg,734.5907,211.55132,979.18677,531.3726
113,hats\25_1501.jpg,810.9713,166.62651,1043.8845,472.29306
114,hats\25_1502.jpg,742.33386,152.44044,981.319,481.81406
115,hats\25_1503.jpg,496.70282,179.70412,706.5628,439.6723
116,hats\25_1504.jpg,476.99997,138.90898,705.6277,450.18158
117,hats\25_1505.jpg,512.09454,156.51143,734.301,466.46893
118,hats\25_1506.jpg,412.432,142.27531,631.74896,458.80524
119,hats\25_1507.jpg,405.12567,131.90906,648.14215,428.11597
120,hats\25_1508.jpg,373.54883,108.95817,607.51587,395.56644
121,hats\25_1509.jpg,583.75214,101.389175,830.5187,434.5047
122,hats\25_1510.jpg,599.5975,33.018646,854.20544,344.98254
123,hats\25_1511.jpg,459.809,79.68999,677.8891,413.65732
124,hats\25_1512.jpg,570.3351,217.25395,814.8688,529.56006
125,hats\25_1513.jpg,585.40533,62.51915,843.9218,417.07895
126,hats\25_1514.jpg,539.36896,155.95792,751.7872,488.53647
127,hats\25_1515.jpg,489.28238,203.52832,719.2752,498.28278
128,hats\25_1516.jpg,417.13138,129.33849,652.96704,432.6892
129,hats\25_1517.jpg,409.34875,66.68379,629.52826,381.35733
130,hats\25_1518.jpg,446.2066,87.84799,672.8863,387.8153
131,hats\25_1519.jpg,580.49945,80.95249,727.033,256.9867
132,hats\25_1520.jpg,638.39185,75.59086,743.78,199.73561
133,hats\25_1521.jpg,769.14417,110.33666,869.73706,229.87936
134,hats\25_1522.jpg,751.13226,43.53224,839.42957,165.26099
135,hats\25_1523.jpg,708.2702,59.60792,804.7839,194.59671
136,hats\25_1524.jpg,574.62366,130.26765,679.74005,254.0702
137,hats\25_1525.jpg,565.8523,88.34026,669.9879,213.19868
138,hats\25_1526.jpg,712.9811,8.566338,818.1111,129.20235
139,hats\25_1527.jpg,420.51923,138.03285,652.31104,443.8235
140,hats\25_1528.jpg,464.5716,111.08741,717.2345,451.5539
141,hats\25_1529.jpg,508.74234,140.10031,720.32715,412.46057
142,hats\25_1530.jpg,404.93655,145.70389,635.88727,431.7198
143,hats\25_1531.jpg,448.2507,81.83899,682.00757,383.236
144,hats\25_1532.jpg,443.5735,125.79103,678.7678,444.13217
145,hats\25_1533.jpg,446.1685,143.23647,667.8606,448.41617
146,hats\25_1534.jpg,429.92978,115.95551,675.9795,432.97037
147,hats\25_1535.jpg,420.58948,84.99172,628.4118,364.47186
148,hats\25_1536.jpg,604.8091,119.477264,817.49036,418.32718
149,hats\25_1537.jpg,994.6572,9.535779,1234.1439,297.3416
150,hats\25_1538.jpg,849.6575,83.47554,1076.5465,367.3952
151,hats\25_1539.jpg,655.9037,49.206455,848.79553,328.02444
152,hats\25_1540.jpg,596.7539,89.72412,807.1921,398.98026
153,hats\25_1541.jpg,681.2997,150.85426,913.4693,457.34735
154,hats\25_1543.jpg,749.6872,79.20766,989.65515,435.66714
155,hats\25_1544.jpg,744.0515,100.979294,996.2674,490.54913
156,hats\25_1545.jpg,685.7042,54.185204,946.74426,397.46088
157,hats\25_1546.jpg,686.54846,91.062355,948.0104,434.84406
158,hats\25_1547.jpg,652.09644,88.466515,922.57495,421.6008
159,hats\25_1548.jpg,682.27893,83.04776,961.8158,480.61182
160,hats\25_1549.jpg,680.0778,184.73665,925.26886,494.7084
161,hats\25_1550.jpg,711.2579,170.4276,949.094,458.3324
162,hats\25_1551.jpg,638.7308,146.00356,878.4372,458.96664
163,hats\25_1552.jpg,685.2207,143.69226,938.38464,497.6084
164,hats\25_1553.jpg,316.152,105.651215,545.2326,425.17755
165,hats\25_1554.jpg,324.44495,87.39032,565.893,447.69675
166,hats\25_1555.jpg,313.21744,111.46995,552.62506,434.74655
167,hats\25_1556.jpg,321.17538,91.23287,543.8141,395.8277
168,hats\25_1557.jpg,271.86276,86.70426,494.75357,375.12924
169,hats\25_1558.jpg,320.971,148.74988,540.72217,452.3343
170,hats\25_1559.jpg,318.48962,107.18156,546.1181,400.19208
171,hats\25_1560.jpg,709.57245,40.546204,886.2981,282.65634
172,hats\25_1561.jpg,747.9033,84.62845,937.4747,336.23035
173,hats\25_1562.jpg,664.7601,55.23886,854.8928,304.925
174,hats\25_1563.jpg,722.43536,88.01184,910.9455,333.02448
175,hats\25_1564.jpg,727.90515,87.1923,916.35144,337.8516
176,hats\25_1565.jpg,647.0397,121.38263,850.81287,383.47565
177,hats\25_1566.jpg,743.3853,5.9557056,898.94867,229.08458
178,hats\25_1567.jpg,365.4866,92.81454,590.3905,465.54977
179,hats\25_1568.jpg,394.43283,76.47805,608.7177,396.7593
180,hats\25_1569.jpg,402.5506,161.98982,728.1839,622.8997
181,hats\25_1570.jpg,380.4057,39.62819,576.1028,305.78766
182,hats\25_1571.jpg,382.58075,42.99874,582.815,288.8371
183,hats\25_1572.jpg,622.52374,113.18017,849.64545,392.93005
184,hats\25_1573.jpg,672.5115,185.96527,890.2141,502.97815
185,hats\25_1574.jpg,614.8032,35.83192,841.80664,335.58978
186,hats\25_1575.jpg,691.1783,85.20244,911.46576,385.88187
187,hats\25_1576.jpg,799.32263,7.3607864,1034.9312,331.45026
188,hats\25_1577.jpg,740.28,88.593506,946.7172,342.9288
189,hats\25_1578.jpg,761.958,77.6721,975.7854,347.98172
190,hats\25_1579.jpg,570.1147,135.78319,796.2742,476.2682
191,hats\25_1580.jpg,488.7055,151.24379,708.4815,488.6248
192,hats\25_1581.jpg,295.1316,54.753883,594.4689,479.7779
193,hats\25_1582.jpg,318.95267,69.64191,576.51965,470.23135
194,hats\25_1583.jpg,485.93762,278.46832,545.3044,347.9147
195,hats\25_1584.jpg,624.8498,96.521286,893.9314,490.4127
196,hats\25_1585.jpg,636.2708,212.03787,858.8119,558.8921
197,hats\25_1586.jpg,525.5046,132.4651,754.5189,493.94934
198,hats\25_1587.jpg,650.49243,149.79019,869.4475,484.09546
199,hats\25_1588.jpg,589.00146,181.34125,852.1591,561.1096
200,hats\25_1589.jpg,409.20197,50.10521,646.73065,366.76294
201,hats\25_1590.jpg,486.94827,143.02452,775.6683,511.96942
202,hats\25_1591.jpg,606.955,180.26807,711.1311,306.32474
203,hats\25_1592.jpg,1023.0871,78.29868,1081.0697,145.92874
204,hats\25_1593.jpg,354.27405,102.86052,581.7175,461.94617
205,hats\25_1594.jpg,343.992,110.21125,568.3188,432.51633
206,hats\25_1595.jpg,351.34677,107.020065,573.5591,417.20602
207,hats\25_1596.jpg,345.0961,105.86014,572.35,424.3151
208,hats\25_1597.jpg,331.48166,100.92038,574.03796,427.4135
209,hats\25_1598.jpg,328.75513,150.2969,553.8099,473.3853
210,hats\25_1599.jpg,345.22278,107.50215,576.20056,429.6213
211,hats\25_1600.jpg,371.13306,95.23723,605.8584,410.72766
212,hats\25_1601.jpg,342.58612,110.34689,573.3596,422.2782
213,hats\25_1602.jpg,388.5028,110.72875,612.18225,422.66446
214,hats\25_1603.jpg,386.28024,116.56793,604.49133,423.28845
215,hats\25_1604.jpg,663.5406,192.26591,864.1077,463.12463
216,hats\25_1605.jpg,729.3927,79.85334,922.18445,351.6192
217,hats\25_1606.jpg,562.05396,100.71272,781.37866,378.81915
218,hats\25_1607.jpg,692.1888,79.01751,907.6797,364.38596
219,hats\25_1608.jpg,722.1778,75.36999,943.6767,371.54578
220,hats\25_1609.jpg,734.0329,125.820366,945.1666,422.72488
221,hats\25_1610.jpg,670.2918,47.106403,870.0492,326.5505
222,hats\25_1611.jpg,770.97473,147.08525,981.2436,432.9586
223,hats\25_1612.jpg,865.0042,119.43924,1100.1718,423.0852
224,hats\25_1613.jpg,772.9117,151.51183,979.22974,426.39404
225,hats\25_1614.jpg,600.2208,171.35208,805.5942,436.76447
226,hats\25_1615.jpg,671.7328,104.322876,881.2084,365.5298
227,hats\25_1616.jpg,909.2051,71.58852,1138.0941,355.42758
228,hats\25_1617.jpg,757.12524,194.80219,962.5757,506.46854
229,hats\25_1618.jpg,578.35645,141.50844,805.5376,439.2225
230,hats\25_1619.jpg,534.93256,82.562706,644.5117,225.74602
231,hats\25_1620.jpg,554.32544,139.98271,842.65015,512.26825
232,hats\25_1621.jpg,732.96155,37.70096,978.3426,374.6729
233,hats\25_1622.jpg,248.34671,126.39472,529.9875,490.58743
234,hats\25_1623.jpg,284.05774,98.42287,573.26215,428.97864
235,hats\25_1624.jpg,641.6717,56.128216,850.79535,340.96658
236,hats\25_1625.jpg,674.52783,34.023746,913.4568,367.12576
237,hats\25_1626.jpg,776.1588,214.25966,988.1744,510.10156
238,hats\25_1627.jpg,704.15137,195.35316,929.5194,499.1155
239,hats\25_1628.jpg,624.6029,81.919365,827.78467,346.25925
240,hats\25_1629.jpg,783.9844,174.74396,1003.4419,446.94907
241,hats\25_1630.jpg,683.59955,88.35778,905.8644,370.59845
242,hats\25_1631.jpg,780.1195,90.16305,993.48315,353.921
243,hats\25_1632.jpg,771.4595,7.681074,1014.96387,316.226
244,hats\25_1633.jpg,720.90405,101.47538,946.58936,371.0942
245,hats\25_1634.jpg,762.75824,176.52826,982.416,438.75604
246,hats\25_1635.jpg,700.5604,199.55219,902.82837,479.83954
247,hats\25_1636.jpg,615.84094,179.7126,823.6786,453.7084
248,hats\25_1637.jpg,680.8701,100.72419,907.14575,373.6504
249,hats\25_1638.jpg,633.5337,173.4377,844.5011,456.70642
250,hats\25_1639.jpg,670.2626,160.28494,879.2084,434.29163
251,hats\25_1640.jpg,709.64185,113.72101,913.14545,390.64636
252,hats\25_1641.jpg,391.16025,193.38672,616.84924,496.42044
253,hats\25_1642.jpg,800.679,110.798836,1114.7943,528.4336
254,hats\25_1643.jpg,802.42065,156.8935,1107.8221,556.58307
255,hats\25_1644.jpg,634.5729,120.788506,868.20404,421.32053
256,hats\25_1645.jpg,596.7947,194.869,829.974,544.0705
257,hats\25_1646.jpg,514.8449,84.214645,774.53516,430.473
258,hats\25_1647.jpg,571.4104,128.27716,796.0762,433.83258
259,hats\25_1648.jpg,633.95435,180.35616,868.0499,508.26724
260,hats\25_1649.jpg,685.0701,227.89062,926.8775,544.8037
261,hats\25_1650.jpg,576.7693,176.17786,833.9995,509.98038
262,hats\25_1651.jpg,445.42944,128.81439,668.28827,392.7627
263,hats\25_1652.jpg,462.1407,186.31233,683.9627,444.70984
264,hats\25_1653.jpg,396.99164,91.19768,719.5535,550.1085
265,hats\25_1654.jpg,355.59094,201.9812,590.67737,499.70334
266,hats\25_1655.jpg,407.4211,197.63585,623.99664,484.42557
267,hats\25_1656.jpg,414.30225,157.42372,636.7629,454.59186
268,hats\25_1657.jpg,384.7417,146.74483,611.3554,455.53986
269,hats\25_1658.jpg,370.11584,184.92659,621.1156,513.7856
270,hats\25_1660.jpg,438.42776,197.6526,676.4039,513.30133
271,hats\25_1661.jpg,663.61053,199.14488,878.69904,493.6174
272,hats\25_1662.jpg,700.6967,97.70437,915.4243,402.74283
273,hats\25_1663.jpg,674.8868,127.1358,897.265,426.92776
274,hats\25_1664.jpg,725.93677,144.97043,920.0104,406.68542
275,hats\25_1665.jpg,506.18964,149.74583,711.2507,482.12906
276,hats\25_1666.jpg,356.8891,186.70175,592.25684,508.3389
277,hats\25_1667.jpg,770.393,140.62921,987.7448,418.57825
278,hats\25_1668.jpg,778.6327,195.58286,1000.37463,488.8547
279,hats\25_1669.jpg,455.20462,103.416214,661.36707,387.623
280,hats\25_1670.jpg,511.75797,123.216324,736.92865,443.96875
281,hats\25_1671.jpg,356.62628,185.44559,575.5862,443.1648
282,hats\25_1672.jpg,291.42096,39.898514,524.4964,356.67307
283,hats\25_1674.jpg,383.33118,115.376434,613.7489,406.15567
284,hats\25_1675.jpg,461.89575,244.96902,686.60156,529.1861
285,hats\25_1677.jpg,409.2972,153.13274,636.2135,456.3635
286,hats\25_1678.jpg,420.35492,109.18174,672.1668,428.45923
287,hats\25_1679.jpg,508.9657,143.25845,741.29956,435.25656
288,hats\25_1680.jpg,498.81995,125.68304,750.06177,442.56546
289,hats\25_1681.jpg,463.64774,158.2207,696.65466,433.04474
290,hats\25_1682.jpg,477.34534,144.66321,715.4489,437.3813
291,hats\25_1683.jpg,597.5229,112.1852,837.7655,454.65524
292,hats\25_1684.jpg,657.93274,104.9294,894.36127,378.79453
293,hats\25_1685.jpg,562.7554,110.73955,791.528,414.21075
294,hats\25_1686.jpg,630.1299,118.116516,852.10925,425.6688
295,hats\25_1687.jpg,654.2048,127.174164,871.9907,418.54645
296,hats\25_1688.jpg,650.631,64.43024,862.8679,341.24802
297,hats\25_1689.jpg,411.18973,139.14815,641.4273,478.19745
298,hats\25_1690.jpg,429.42355,138.90623,656.4552,476.36786
299,hats\25_1691.jpg,406.8017,219.25166,646.8475,534.73145
300,hats\25_1692.jpg,395.8545,156.24245,612.9956,446.11105
301,hats\25_1693.jpg,402.05365,129.86388,618.456,441.95422
302,hats\25_1694.jpg,419.01425,87.085815,647.7788,411.3434
303,hats\25_1695.jpg,406.0526,184.4662,660.0853,480.3868
304,hats\25_1696.jpg,640.07605,147.0234,850.27686,454.37982
305,hats\25_1697.jpg,775.969,87.35151,996.06024,413.28506
306,hats\25_1698.jpg,782.1987,139.39911,1037.4608,481.53876
307,hats\25_1699.jpg,755.15234,154.4341,977.09344,475.84204
308,hats\25_1700.jpg,767.93726,142.76556,1012.4511,489.4439
309,hats\25_1701.jpg,699.2798,141.79152,930.0168,492.61963
310,hats\25_1702.jpg,655.2695,95.45772,915.148,444.9313
311,hats\25_1703.jpg,531.5391,168.27663,751.24744,463.8022
312,hats\25_1704.jpg,675.8289,109.867775,934.15063,469.53302
313,hats\25_1705.jpg,662.9464,54.488262,905.1403,390.07422
314,hats\25_1706.jpg,607.7047,134.77223,884.38605,479.94556
315,hats\25_1707.jpg,702.6696,132.5783,965.0927,479.59158
316,hats\25_1708.jpg,792.9674,104.752495,1070.6835,448.6699
317,hats\25_1709.jpg,741.8119,26.516983,978.93304,361.0061
318,hats\25_1710.jpg,742.469,82.193,998.00964,383.62085
319,hats\25_1711.jpg,778.76654,56.71399,1046.1582,392.84024
320,hats\25_1712.jpg,830.3583,-1.8462288,1084.253,292.04663
321,hats\25_1714.jpg,651.5376,167.03175,919.3698,465.32382
322,hats\25_1715.jpg,761.7339,190.25482,984.1515,509.81497
323,hats\25_1716.jpg,417.46933,158.5245,558.22217,349.33362
324,hats\25_1717.jpg,232.42921,61.203213,390.03848,223.02478
325,hats\25_1718.jpg,766.9361,160.9371,1003.2174,488.193
326,hats\25_1719.jpg,706.31195,180.65918,943.5847,506.97644
327,hats\25_1720.jpg,675.97253,132.14441,909.65173,467.06644
328,hats\25_1721.jpg,667.77515,173.68918,874.7052,445.4269
329,hats\25_1722.jpg,739.5856,213.8115,975.4249,511.51016
330,hats\25_1723.jpg,733.5117,239.1131,961.72614,524.59534
331,hats\25_1724.jpg,740.10315,210.56898,977.0749,521.9629
332,hats\25_1725.jpg,777.7601,203.52036,1012.4252,470.2248
333,hats\25_1726.jpg,747.6931,205.16782,987.45306,510.56787
334,hats\25_1727.jpg,772.77783,173.39615,986.52313,457.9465
335,hats\25_1728.jpg,748.24915,212.62967,980.45874,540.00757
336,hats\25_1729.jpg,962.0349,288.4855,1184.3341,552.3866
337,hats\25_1730.jpg,788.83795,182.5445,993.1623,433.29965
338,hats\25_1731.jpg,742.4391,172.24174,942.7461,430.55188
339,hats\25_1732.jpg,652.94507,215.50665,874.2764,479.79492
340,hats\25_1733.jpg,607.767,142.0943,823.1973,425.92603
341,hats\25_1734.jpg,611.3107,201.39871,840.905,503.30768
342,hats\25_1735.jpg,625.4798,176.07109,860.8059,497.01004
343,hats\25_1736.jpg,689.1754,200.63281,937.4246,506.57935
344,hats\25_1737.jpg,627.37616,195.24216,868.69165,505.05536
345,hats\25_1738.jpg,693.36334,193.45325,951.63586,494.28537
346,hats\25_1739.jpg,513.73126,270.13623,729.2821,545.9366
347,hats\25_1740.jpg,460.57794,45.60755,684.8481,360.7057
348,hats\25_1741.jpg,461.70142,105.56657,700.5796,398.4688
349,hats\25_1742.jpg,505.93115,17.80605,806.3226,419.85236
350,hats\25_1743.jpg,429.4809,128.04079,676.45056,420.85208
351,hats\25_1744.jpg,306.3866,135.35316,522.7562,405.465
352,hats\25_1745.jpg,307.89334,106.44767,549.4905,408.78143
353,hats\25_1746.jpg,532.1265,215.9973,768.49036,530.9641
354,hats\25_1747.jpg,612.23694,219.06721,845.1004,555.677
355,hats\25_1748.jpg,536.781,201.6511,769.2705,476.6817
356,hats\25_1749.jpg,598.6237,146.94186,826.2545,439.7634
357,hats\25_1750.jpg,512.5451,123.11749,716.7925,450.92816
358,hats\25_1751.jpg,583.3761,229.87486,821.3459,535.0175
359,hats\25_1752.jpg,511.40698,138.82622,749.59485,427.96927
360,hats\25_1753.jpg,559.61395,105.31934,784.687,424.5093
361,hats\25_1754.jpg,561.5121,125.255295,792.9554,462.26962
362,hats\25_1755.jpg,564.55664,111.69829,813.6139,471.3271
363,hats\25_1756.jpg,588.8152,73.066696,853.35205,449.2331
364,hats\25_1757.jpg,571.73065,47.909233,817.702,361.4806
365,hats\25_1758.jpg,612.6777,163.74472,859.9482,533.14935
366,hats\25_1759.jpg,554.6969,123.72293,802.51184,459.11234
367,hats\25_1760.jpg,718.6776,110.812675,975.01044,426.9693
368,hats\25_1761.jpg,654.27185,205.73564,886.97156,500.7811
369,hats\25_1762.jpg,560.23486,144.20676,804.63513,453.13257
370,hats\25_1763.jpg,670.2053,94.51029,904.46326,434.14612
371,hats\25_1764.jpg,637.2088,152.14317,886.59814,481.98016
372,hats\25_1765.jpg,558.89545,180.92624,804.9346,504.23557
373,hats\25_1766.jpg,681.20667,193.07819,922.375,503.43588
374,hats\25_1767.jpg,608.90155,134.3158,851.9284,471.29562
375,hats\25_1768.jpg,745.38745,167.74236,991.91895,506.25214
376,hats\25_1769.jpg,405.54645,136.20679,650.07135,436.16672
377,hats\25_1770.jpg,326.127,149.0833,577.8842,487.1282
378,hats\25_1771.jpg,539.874,141.11868,775.1801,446.69287
379,hats\25_1772.jpg,684.97424,148.71725,909.8636,435.5811
380,hats\25_1773.jpg,630.9543,86.71229,871.57666,398.24762
381,hats\25_1774.jpg,584.4628,179.35956,803.947,458.63675
382,hats\25_1775.jpg,733.1044,88.72653,971.33984,388.38687
383,hats\25_1776.jpg,645.6195,195.78941,868.0539,470.85974
384,hats\25_1777.jpg,613.36053,214.38141,851.7435,528.74
385,hats\25_1778.jpg,700.4654,200.87042,925.6177,458.06693
386,hats\25_1779.jpg,634.13837,205.13577,863.72705,470.7404
387,hats\25_1780.jpg,644.8243,75.977165,898.6822,416.10168
388,hats\25_1781.jpg,742.1703,166.4694,1002.2865,507.31897
389,hats\25_1782.jpg,651.0249,153.47934,893.94214,480.41403
390,hats\25_1783.jpg,665.5187,142.98013,910.19135,450.61545
391,hats\25_1784.jpg,669.9862,190.45152,936.8015,517.2947
392,hats\25_1785.jpg,680.2477,117.35519,963.7239,482.71887
393,hats\25_1786.jpg,698.1265,102.85952,966.646,454.33023
394,hats\25_1787.jpg,653.3324,131.61043,910.01575,478.5486
395,hats\25_1788.jpg,747.94867,149.39001,1009.16376,476.6937
396,hats\25_1789.jpg,699.63434,200.70227,939.75775,522.7583
397,hats\25_1790.jpg,674.225,168.57843,927.5001,510.99268
398,hats\25_1791.jpg,460.95618,262.1946,638.5066,535.4805
399,hats\25_1792.jpg,373.08514,131.12674,595.63257,438.58237
400,hats\25_1793.jpg,465.2552,113.191475,701.88293,458.34625
401,hats\25_1794.jpg,362.98297,96.22565,596.23553,395.96436
402,hats\25_1795.jpg,331.65982,128.28462,550.90936,410.23413
403,hats\25_1796.jpg,613.1216,120.47184,858.8259,432.83115
404,hats\25_1797.jpg,792.2206,13.371681,1030.5034,280.6181
405,hats\25_1798.jpg,668.0952,206.9802,865.3934,464.55594
406,hats\25_1799.jpg,529.84827,219.37659,772.9107,523.48
407,hats\25_1800.jpg,406.8607,137.76532,633.1402,423.07993
408,hats\25_1801.jpg,400.5653,130.57419,619.2786,406.65546
409,hats\25_1802.jpg,306.4562,172.93591,518.65656,429.40182
410,hats\25_1803.jpg,343.4784,136.9522,561.3592,424.58426
411,hats\25_1804.jpg,341.17603,141.01384,575.1753,418.64142
412,hats\25_1805.jpg,500.62732,104.57182,714.87054,371.90112
413,hats\25_1806.jpg,724.6477,102.79306,955.8904,379.74487
414,hats\25_1807.jpg,773.93396,95.7155,1002.2497,367.9095
415,hats\25_1808.jpg,745.35706,99.90824,973.10376,387.93018
416,hats\25_1809.jpg,605.9016,93.6712,819.0587,367.82626
417,hats\25_1810.jpg,710.07745,114.33002,942.5698,432.20233
418,hats\25_1811.jpg,868.09216,16.85247,1102.4263,326.63773
419,hats\25_1812.jpg,575.2052,199.34749,773.98773,492.79648
420,hats\25_1813.jpg,662.65625,132.65604,873.2681,426.0438
421,hats\25_1814.jpg,578.53174,35.181686,817.2538,388.867
422,hats\25_1815.jpg,718.6577,65.65297,973.26263,438.0775
423,hats\25_1816.jpg,687.36237,94.148605,928.70776,422.60403
424,hats\25_1817.jpg,692.89087,176.77145,964.50964,550.84576
425,hats\25_1818.jpg,648.9533,194.98962,901.3358,587.927
426,hats\25_1819.jpg,685.5634,121.55868,923.9651,486.84393
427,hats\25_1820.jpg,695.14465,151.12163,980.93506,561.6219
428,hats\25_1821.jpg,673.1851,133.2084,932.0032,492.30475
429,hats\25_1822.jpg,726.3879,94.45433,985.2267,487.80225
430,hats\25_1823.jpg,818.95966,99.00748,1105.7612,478.39838
431,hats\25_1824.jpg,776.46783,47.791096,1040.9929,393.139
432,hats\25_1825.jpg,717.9739,124.62151,963.73267,477.98987
433,hats\25_1826.jpg,668.28766,73.801956,939.173,407.06894
434,hats\25_1827.jpg,718.3129,187.12515,963.25586,493.9671
435,hats\25_1828.jpg,735.09705,117.24178,984.27844,480.02417
436,hats\25_1829.jpg,568.05225,244.76663,799.0332,544.14374
437,hats\25_1830.jpg,560.51355,227.49832,798.56635,552.98315
438,hats\25_1831.jpg,665.84814,204.22438,883.28577,521.77795
439,hats\25_1832.jpg,732.03723,301.79593,971.6188,627.74493
440,hats\25_1833.jpg,675.8966,249.84172,903.526,565.3051
441,hats\25_1834.jpg,608.1752,233.15254,845.784,558.4055
442,hats\25_1835.jpg,709.1732,168.56482,963.4988,502.2455
443,hats\25_1836.jpg,608.4136,186.72314,869.6105,531.2682
444,hats\25_1837.jpg,652.16833,226.29,905.5857,543.6239
445,hats\25_1838.jpg,601.3659,118.69711,840.20575,401.75308
446,hats\25_1839.jpg,391.05792,37.681286,504.29614,173.08904
447,hats\25_1840.jpg,501.64453,149.54536,730.9455,478.89783
448,hats\25_1841.jpg,696.58905,102.71464,923.131,400.50797
449,hats\25_1842.jpg,752.9058,209.96161,978.68964,513.02747
450,hats\25_1843.jpg,601.6296,110.72008,809.71075,411.62497
451,hats\25_1844.jpg,601.0042,130.24017,848.1161,513.58984
452,hats\25_1845.jpg,736.43384,238.73543,779.69495,282.75708
453,hats\25_1846.jpg,754.61926,223.58076,994.4072,547.82697
454,hats\25_1847.jpg,670.3081,246.05449,925.85254,561.5173
455,hats\25_1848.jpg,760.003,216.15794,998.7649,535.7183
456,hats\25_1849.jpg,646.0808,247.82161,889.922,562.3713
457,hats\25_1850.jpg,830.4652,147.62419,1088.0267,490.62512
458,hats\25_911.jpg,427.07275,212.56348,673.2708,481.88257
459,hats\25_912.jpg,488.6886,163.38918,717.2804,449.149
460,hats\25_913.jpg,705.3632,143.92285,927.65295,405.15665
461,hats\25_914.jpg,602.84766,88.453995,833.2519,377.96368
462,hats\25_915.jpg,376.30307,192.7668,601.7445,496.07605
463,hats\25_916.jpg,577.16284,175.11786,796.43396,494.70413
464,hats\25_917.jpg,599.5253,144.76973,839.0564,440.67322
465,hats\25_918.jpg,705.4217,91.84872,922.14777,416.23074
466,hats\25_919.jpg,613.4942,147.3237,830.3241,431.6184
467,hats\25_922.jpg,478.66772,135.50345,712.2689,438.52585
468,hats\25_923.jpg,568.8915,90.65146,800.0178,403.49634
469,hats\25_924.jpg,540.89124,84.40781,760.9494,387.70743
470,hats\25_926.jpg,503.63464,123.76233,731.6821,418.4666
471,hats\25_927.jpg,478.3258,119.758865,704.9,423.9903
472,hats\25_928.jpg,481.01483,90.61134,714.35425,398.20758
473,hats\25_929.jpg,477.58185,159.33632,710.07745,438.40918
474,hats\25_930.jpg,558.9257,140.13475,786.2106,439.8894
475,hats\25_931.jpg,527.80524,162.0818,741.0597,461.99677
476,hats\25_932.jpg,477.8003,123.48822,705.21,422.22446
477,hats\25_933.jpg,605.2042,95.90579,816.9842,351.69595
478,hats\25_934.jpg,541.6655,85.86953,772.5665,385.84195
479,hats\25_935.jpg,543.2946,91.79299,747.0972,360.73517
480,hats\25_936.jpg,621.1799,90.66087,828.28064,336.04767
481,hats\25_937.jpg,783.5517,63.008965,1016.6053,333.9471
482,hats\25_938.jpg,625.4893,52.465843,853.0681,344.68872
483,hats\25_939.jpg,569.80145,112.06414,784.0872,410.15842
484,hats\25_940.jpg,483.15576,77.55733,715.29474,364.95346
485,hats\25_941.jpg,555.8821,74.264046,816.26587,379.38748
486,hats\25_942.jpg,526.04846,123.52241,723.1784,419.37582
487,hats\25_943.jpg,644.8386,23.17362,868.7345,333.0273
488,hats\25_944.jpg,658.24347,85.71591,875.4197,348.53802
489,hats\25_945.jpg,808.2241,121.841995,1041.6733,405.64767
490,hats\25_946.jpg,664.17444,37.521027,875.4105,305.29413
491,hats\25_947.jpg,467.52747,81.33751,708.1898,392.6441
492,hats\25_948.jpg,523.21594,166.99265,773.7971,467.6285
493,hats\25_949.jpg,669.9907,76.10626,899.0216,379.9782
494,hats\25_950.jpg,591.0708,101.82427,825.1758,448.16742
495,hats\25_951.jpg,662.82056,158.44633,866.1014,406.04074
496,hats\25_952.jpg,787.7637,111.258736,1035.3616,378.1544
497,hats\25_953.jpg,710.3228,148.37544,926.6871,420.95016
498,hats\25_954.jpg,643.16437,88.118774,863.5637,364.00452
499,hats\25_955.jpg,603.44794,106.57919,831.60913,397.53973
500,hats\25_956.jpg,720.7123,72.45026,937.57874,341.08768
501,hats\25_957.jpg,703.1396,198.91966,926.88727,492.3407
502,hats\25_958.jpg,613.7055,106.19257,846.6101,408.0821
503,hats\25_959.jpg,582.85754,245.054,784.43616,523.2885
504,hats\25_960.jpg,273.80542,127.70801,495.30148,416.54144
505,hats\25_961.jpg,585.48065,143.33728,786.243,424.37787
506,hats\25_962.jpg,590.0999,201.25829,801.9292,453.24606
507,hats\25_963.jpg,770.88916,54.486233,999.9988,320.11707
508,hats\25_964.jpg,652.81604,89.036285,865.6314,364.66803
509,hats\25_965.jpg,689.9581,157.38991,900.38184,449.77057
510,hats\25_966.jpg,777.7837,181.40192,994.3649,455.69397
511,hats\25_967.jpg,615.97174,82.662636,852.28735,363.32
512,hats\25_968.jpg,589.2634,154.42476,825.3364,441.32037
513,hats\25_969.jpg,677.7124,132.3361,916.73413,438.44284
514,hats\25_970.jpg,702.9492,-4.2796574,927.6244,266.64502
515,hats\25_971.jpg,738.77405,40.26855,945.38293,314.73212
516,hats\25_972.jpg,722.69995,21.986507,962.8919,351.90036
517,hats\25_973.jpg,589.5832,142.35239,795.9216,406.74915
518,hats\25_974.jpg,711.9827,160.67035,933.74817,438.17535
519,hats\25_976.jpg,557.2349,170.1124,801.7737,538.7959
520,hats\25_977.jpg,621.5449,185.10474,873.49475,584.72034
521,hats\25_978.jpg,583.34656,126.90192,820.5598,432.93747
522,hats\25_979.jpg,612.3532,132.88597,850.7561,423.86285
523,hats\25_980.jpg,712.5235,16.190231,949.40765,304.86487
524,hats\25_981.jpg,715.8323,62.954063,939.6595,359.4373
525,hats\25_982.jpg,683.4221,187.76956,900.38745,457.62387
526,hats\25_983.jpg,673.1878,113.572464,911.80457,416.49847
527,hats\25_984.jpg,592.5571,195.11914,825.18774,494.00677
528,hats\25_985.jpg,618.328,119.27915,853.97955,457.5551
529,hats\25_986.jpg,540.3561,227.70117,774.03357,508.15424
530,hats\25_987.jpg,549.70593,168.37411,786.26776,462.97446
531,hats\25_988.jpg,601.9136,146.8895,839.3628,443.61487
532,hats\25_989.jpg,548.0567,195.28833,784.3676,456.77838
533,hats\25_990.jpg,670.63367,129.37085,900.943,405.69052
534,hats\25_991.jpg,592.8577,80.68787,833.7017,373.17142
535,hats\25_992.jpg,687.38947,39.725704,942.8524,337.953
536,hats\25_993.jpg,154.97664,24.168291,442.80237,338.24768
537,hats\25_994.jpg,732.3932,40.161423,974.4394,338.02872
538,hats\25_995.jpg,628.39825,42.577793,853.7037,342.20673
539,hats\25_996.jpg,746.0521,106.04403,982.14417,424.7644
540,hats\25_998.jpg,633.95374,164.49211,889.07776,461.63852
541,hats\25_999.jpg,749.8218,183.81393,798.3556,234.3165
542,hats\Al-Amiira_151.jpeg,308.8115,83.25861,606.65027,468.0236
543,hats\Al-Amiira_1a5.jpeg,251.27771,181.11057,488.23056,451.98877
544,hats\Al-Amiira_20a.jpeg,230.74048,151.27913,551.2615,595.27094
545,hats\Al-Amiira_218.jpeg,429.5655,59.99214,601.7386,410.82874
546,hats\Al-Amiira_34.jpeg,264.1827,454.8211,479.54462,679.5212
547,hats\hijab_11c.jpeg,314.43674,205.82896,669.26215,683.8759
548,hats\hijab_15d.jpeg,746.3346,237.86229,1020.61304,629.2036
549,hats\hijab_189.jpeg,358.89746,160.22371,697.5162,662.94977
550,hats\hijab_18d.jpeg,659.4856,293.52444,1198.927,1017.2369
551,hats\hijab_1ab.jpeg,380.97336,156.68866,739.7736,673.56665
552,hats\hijab_20f.png,377.57953,53.187866,628.9014,366.13266
553,hats\hijab_235.jpeg,471.11255,111.31678,801.44666,617.26
554,hats\hijab_240.jpeg,110.232544,60.926987,210.9713,194.5999
555,hats\hijab_261.jpeg,367.18842,69.73188,429.12537,157.0992
556,hats\hijab_262.jpeg,74.34938,28.174252,119.4381,95.44233
557,hats\hijab_266.jpeg,300.18192,134.7905,471.2707,359.2414
558,hats\hijab_28e.jpeg,292.5802,116.336464,530.3014,418.41736
559,hats\hijab_294.jpeg,458.0855,178.45328,690.7456,544.04254
560,hats\hijab_2f.jpeg,479.71796,82.921646,675.3498,340.58783
561,hats\hijab_30.jpeg,608.9151,166.40915,823.6149,475.6782
562,hats\hijab_313.jpeg,611.94684,299.51587,758.5575,494.7209
563,hats\hijab_34f.jpeg,509.04697,256.64108,863.8252,748.77893
564,hats\hijab_36e.jpeg,553.8961,160.22754,1000.7303,729.42737
565,hats\hijab_5d.jpeg,660.88354,141.21443,931.55963,533.33105
566,hats\hijab_70.jpeg,366.32196,243.04274,585.81244,536.53265
567,hats\hijab_ab.jpeg,610.52136,351.1619,893.7611,821.98834
568,hats\hijab_bc.jpeg,202.277,148.77661,436.3269,513.82104
569,hats\hijab_d3.jpeg,249.11655,98.41658,471.05276,418.79266
570,hats\hijab_d9.jpeg,282.1316,46.6747,364.73373,137.11774
571,hats\hijab_e6.jpeg,405.7023,147.70865,605.39703,418.81763
572,hats\hijab_ed.jpeg,303.06137,174.0531,392.66898,296.6298
573,hats\hijab_fc.jpeg,309.7567,61.59852,657.6034,588.97266
574,hats\hoodie_2ab.jpeg,304.273,152.10124,573.4565,358.28442
575,hats\Khimar_158.jpeg,324.7588,134.1325,406.84442,226.70752
576,hats\Khimar_17.jpeg,257.2604,142.79732,306.45975,204.80841
577,hats\Khimar_17c.jpeg,1364.7731,568.2838,1746.4924,1107.3373
578,hats\Khimar_19e.jpeg,365.629,291.7083,472.44037,439.5031
579,hats\Khimar_2ca.jpeg,221.35919,66.3028,286.5199,160.40063
580,hats\Khimar_2d.jpeg,1502.0758,590.8919,1773.6971,1070.5956
581,hats\Khimar_311.jpeg,356.31723,136.20201,485.0861,307.89938
582,hats\Khimar_31a.jpeg,1099.7079,159.41475,1424.7451,586.6038
583,hats\Khimar_38.jpeg,824.11237,237.35233,1051.1746,578.6055
584,hats\Khimar_71.jpeg,490.02274,232.6567,646.25494,431.21512
585,hats\Khimar_ab.jpeg,641.2175,395.12775,806.23785,593.37744
586,hats\Khimar_c2.jpeg,409.63547,77.03158,547.3567,273.01178
587,hats\Khimar_cb.jpeg,186.47385,186.06982,380.11945,434.1993
588,hats\Khimar_df.jpeg,475.69336,113.48376,628.3454,324.4178
589,hats\Khimar_fd.jpeg,674.25336,434.97134,842.56287,733.7689
590,hats\manwearingacap_113.jpeg,303.6216,83.19893,395.6965,285.78552
591,hats\manwearingacap_156.jpeg,504.47183,156.92401,855.3299,592.17334
592,hats\manwearingacap_184.jpeg,1378.2504,698.7983,2143.8096,1705.9426
593,hats\manwearingacap_1b8.jpeg,596.8985,195.1504,820.2664,472.96216
594,hats\manwearingacap_207.jpeg,950.9087,944.3916,2312.9287,2574.6619
595,hats\manwearingacap_20c.jpeg,1378.2504,698.7983,2143.8096,1705.9426
596,hats\manwearingacap_22e.jpeg,324.94107,162.45583,514.4329,480.55902
597,hats\manwearingacap_232.jpeg,596.8985,195.1504,820.2664,472.96216
598,hats\manwearingacap_24c.png,154.36542,102.23212,256.97012,226.74133
599,hats\manwearingacap_266.png,154.36542,102.23212,256.97012,226.74133
600,hats\manwearingacap_270.jpeg,183.53331,70.944824,325.1641,242.80943
601,hats\manwearingacap_280.jpeg,377.72827,161.67212,682.80145,565.3341
602,hats\manwearingacap_281.jpeg,445.61917,119.52024,837.4783,633.6587
603,hats\manwearingacap_2c3.jpeg,677.20844,223.87454,933.42065,562.15234
604,hats\manwearingacap_326.jpeg,493.2766,101.74389,630.3346,279.3126
605,hats\manwearingacap_33b.jpeg,610.95544,186.41998,811.6943,458.99393
606,hats\manwearingacap_342.jpeg,183.53331,70.944824,325.1641,242.80943
607,hats\manwearingacap_383.jpeg,303.6216,83.19893,395.6965,285.78552
608,hats\manwearingacap_3bc.jpeg,950.9087,944.3916,2312.9287,2574.6619
609,hats\manwearingacap_40.jpeg,504.47183,156.92401,855.3299,592.17334
610,hats\manwearingacap_43.jpeg,677.20844,223.87454,933.42065,562.15234
611,hats\manwearingacap_51.jpeg,377.72827,161.67212,682.80145,565.3341
612,hats\manwearingacap_6c.jpeg,172.95161,79.39674,241.42996,175.20616
613,hats\manwearingacap_82.jpeg,493.2766,101.74389,630.3346,279.3126
614,hats\manwearingacap_cc.jpeg,610.95544,186.41998,811.6943,458.99393
615,hats\manwearingacap_f.jpeg,346.35895,265.63602,696.17834,726.03705
616,hats\manwearingyamaka_16e.jpeg,481.69507,368.56824,835.58624,880.60803
617,hats\manwearingyamaka_1b1.jpeg,329.36148,89.35843,603.35254,477.44464
618,hats\manwearingyamaka_1d1.jpeg,222.69415,236.6688,724.9424,985.8915
619,hats\manwearingyamaka_211.jpeg,193.29866,193.99178,303.76547,344.59323
620,hats\manwearingyamaka_335.jpeg,619.10077,132.19405,804.6659,378.96027
621,hats\manwearingyamaka_336.jpeg,329.36148,89.35843,603.35254,477.44464
622,hats\manwearingyamaka_33a.jpeg,275.0097,434.50375,767.9431,1159.338
623,hats\manwearingyamaka_381.jpeg,278.24457,110.93225,486.91614,386.57367
624,hats\manwearingyamaka_3a7.jpeg,193.29866,193.99178,303.76547,344.59323
625,hats\manwearingyamaka_3c8.jpeg,1169.4127,233.89038,1993.32,1508.4551
626,hats\manwearingyamaka_62.jpeg,1169.4127,233.89038,1993.32,1508.4551
627,hats\manwearingyamaka_6d.jpeg,278.24457,110.93225,486.91614,386.57367
628,hats\manwearingyamaka_a7.jpeg,619.10077,132.19405,804.6659,378.96027
629,hats\manwithhat_147.jpeg,519.8407,213.4681,751.2871,479.62784
630,hats\manwithhat_174.jpeg,284.1416,289.30716,622.1536,781.7345
631,hats\manwithhat_1ca.jpeg,1164.0126,592.5967,1583.4359,1132.123
632,hats\manwithhat_1cf.jpeg,244.94174,115.63203,307.38324,181.17456
633,hats\manwithhat_1d1.jpeg,204.81557,52.072147,270.9123,133.46283
634,hats\manwithhat_204.jpeg,308.27377,258.77448,647.28735,804.0457
635,hats\manwithhat_209.webp,344.49283,187.1147,443.39777,302.7589
636,hats\manwithhat_25.jpeg,95.27063,137.72826,631.1172,1005.8135
637,hats\manwithhat_357.jpeg,242.31937,424.28516,614.2977,919.0089
638,hats\manwithhat_366.jpeg,536.4145,328.215,716.5716,611.0435
639,hats\manwithhat_371.jpeg,371.0095,122.28651,454.6697,218.23006
640,hats\manwithhat_3ad.webp,344.49283,187.1147,443.39777,302.7589
641,hats\manwithhat_3cf.jpeg,95.27063,137.72826,631.1172,1005.8135
642,hats\manwithhat_3e3.jpeg,308.27377,258.77448,647.28735,804.0457
643,hats\manwithhat_5a.jpeg,536.4145,328.215,716.5716,611.0435
644,hats\manwithhat_8f.jpeg,284.1416,289.30716,622.1536,781.7345
645,hats\manwithhat_b6.jpeg,161.61319,243.92174,488.71008,660.7308
646,hats\manwithtruckerhat_10f.jpeg,178.14911,102.536255,250.93013,191.658
647,hats\manwithtruckerhat_149.jpeg,815.361,245.17946,1215.2908,788.4792
648,hats\manwithtruckerhat_152.jpeg,678.5666,709.4658,1000.9222,1299.6409
649,hats\manwithtruckerhat_1a5.jpeg,200.24873,208.28688,263.37775,302.24573
650,hats\manwithtruckerhat_1e2.jpeg,678.5666,709.4658,1000.9222,1299.6409
651,hats\manwithtruckerhat_1f3.jpeg,101.95168,52.84765,179.11375,152.17253
652,hats\manwithtruckerhat_203.jpeg,287.98648,159.51477,474.39624,407.53198
653,hats\manwithtruckerhat_215.jpeg,820.68616,261.54047,1206.6853,765.4802
654,hats\manwithtruckerhat_257.jpeg,200.24873,208.28688,263.37775,302.24573
655,hats\manwithtruckerhat_266.jpeg,169.97177,122.82507,315.04636,302.41534
656,hats\manwithtruckerhat_268.jpeg,817.71857,464.83405,1666.4263,1535.2952
657,hats\manwithtruckerhat_2a2.png,222.989,135.22017,408.30075,368.13904
658,hats\manwithtruckerhat_2c5.jpeg,178.14911,102.536255,250.93013,191.658
659,hats\manwithtruckerhat_2ca.jpeg,433.81586,248.792,570.9791,446.172
660,hats\manwithtruckerhat_2db.png,222.989,135.22017,408.30075,368.13904
661,hats\manwithtruckerhat_2ea.jpeg,276.9715,254.90456,546.3556,595.33093
662,hats\manwithtruckerhat_352.png,160.6118,53.20108,243.2186,145.84454
663,hats\manwithtruckerhat_356.jpeg,276.9715,254.90456,546.3556,595.33093
664,hats\manwithtruckerhat_377.jpeg,169.97177,122.82507,315.04636,302.41534
665,hats\manwithtruckerhat_3a3.jpeg,288.79297,158.84222,474.68423,407.114
666,hats\manwithtruckerhat_3b5.jpeg,101.95168,52.84765,179.11375,152.17253
667,hats\manwithtruckerhat_3be.jpeg,260.03342,130.82594,472.836,384.1381
668,hats\manwithtruckerhat_3df.jpeg,817.71857,464.83405,1666.4263,1535.2952
669,hats\manwithtruckerhat_48.jpeg,159.5634,153.44615,407.5062,501.67755
670,hats\manwithtruckerhat_5e.jpeg,815.361,245.17946,1215.2908,788.4792
671,hats\manwithtruckerhat_7a.png,237.95723,121.005226,445.3378,391.36023
672,hats\manwithtruckerhat_8b.jpeg,260.03342,130.82594,472.836,384.1381
673,hats\manwithtruckerhat_af.jpeg,820.68616,261.54047,1206.6853,765.4802
674,hats\manwithtruckerhat_ba.jpeg,159.5634,153.44615,407.5062,501.67755
675,hats\manwithtruckerhat_c3.png,160.6118,53.20108,243.2186,145.84454
676,hats\manwithtruckerhat_d6.jpeg,433.81586,248.792,570.9791,446.172
677,hats\man_wearing_hoodie_136.webp,320.81757,107.3171,438.65607,325.9301
678,hats\man_wearing_hoodie_142.jpeg,510.43896,234.3776,752.3186,600.14966
679,hats\man_wearing_hoodie_179.jpeg,279.17953,76.98686,343.5839,164.50314
680,hats\man_wearing_hoodie_1aa.jpeg,1347.547,2070.298,1802.6995,2789.8792
681,hats\man_wearing_hoodie_1c4.jpeg,426.09686,146.38292,525.56335,292.73444
682,hats\man_wearing_hoodie_1dc.jpeg,355.2156,183.7585,869.7484,782.9955
683,hats\man_wearing_hoodie_27f.webp,204.50197,82.89029,277.11002,176.23692
684,hats\man_wearing_hoodie_291.jpeg,154.58537,13.568942,201.76132,78.848335
685,hats\man_wearing_hoodie_2c6.jpeg,115.60798,13.109266,164.46371,85.57728
686,hats\man_wearing_hoodie_2d9.jpeg,1349.5315,691.4001,2058.2036,1504.5052
687,hats\man_wearing_hoodie_318.jpeg,365.39243,293.5888,505.54044,513.4047
688,hats\man_wearing_hoodie_319.jpeg,368.9894,134.66833,582.5221,386.42545
689,hats\man_wearing_hoodie_352.jpeg,1562.4822,2681.2805,2019.5593,3307.3743
690,hats\man_wearing_hoodie_37d.jpeg,645.7039,202.29555,836.8851,465.6355
691,hats\man_wearing_hoodie_381.jpeg,781.68024,197.78549,1013.74335,491.44058
692,hats\man_wearing_hoodie_39.jpeg,645.35046,84.57967,808.755,268.10446
693,hats\man_wearing_hoodie_94.webp,346.86063,49.478004,432.20972,182.71017
694,hats\man_wearing_hoodie_9c.webp,473.3616,107.389694,559.95306,225.22882
695,hats\man_wearing_hoodie_cd.jpeg,371.43707,101.39656,461.3914,233.2528
696,hats\man_wearing_hoodie_f0.jpeg,1756.1404,1854.7797,2126.6016,2638.5967
697,hats\shayla_0.jpeg,137.70213,106.16993,330.22574,404.33615
698,hats\shayla_23a.jpeg,136.09253,40.306652,202.42197,131.31856
699,hats\shayla_45.jpeg,261.22113,86.91696,383.20026,266.0686
700,hats\shayla_b2.jpeg,91.20939,164.69691,413.6812,715.7717
701,hats\shayla_c8.jpeg,213.36497,76.98347,382.24496,327.50406
702,hats\womanwearingacap_13c.jpeg,328.187,160.55516,580.6758,541.40936
703,hats\womanwearingacap_184.jpeg,340.9031,109.66882,529.78876,317.91815
704,hats\womanwearingacap_18d.jpeg,1384.8293,454.30505,1588.4117,727.8866
705,hats\womanwearingacap_18f.jpeg,114.44006,160.44576,492.4737,554.71875
706,hats\womanwearingacap_193.jpeg,309.42923,263.97534,650.3309,770.081
707,hats\womanwearingacap_1ae.jpeg,576.9525,477.21588,703.7329,619.05634
708,hats\womanwearingacap_24c.jpeg,576.9525,477.21588,703.7329,619.05634
709,hats\womanwearingacap_25e.jpeg,394.4335,205.9393,536.42114,423.52362
710,hats\womanwearingacap_268.jpeg,328.187,160.55516,580.6758,541.40936
711,hats\womanwearingacap_26f.jpeg,374.75125,331.66684,617.3454,573.0338
712,hats\womanwearingacap_289.jpeg,189.30551,44.605732,269.63052,133.2027
713,hats\womanwearingacap_2a2.jpeg,117.35344,454.01187,512.8497,960.36945
714,hats\womanwearingacap_2bf.jpeg,117.35344,454.01187,512.8497,960.36945
715,hats\womanwearingacap_2ff.jpeg,264.57214,51.890926,405.6149,228.20155
716,hats\womanwearingacap_31b.jpeg,531.6751,165.95708,789.7905,517.08545
717,hats\womanwearingacap_331.jpeg,531.6751,165.95708,789.7905,517.08545
718,hats\womanwearingacap_34d.jpeg,441.79684,179.66437,692.5569,529.2578
719,hats\womanwearingacap_394.jpeg,441.79684,179.66437,692.5569,529.2578
720,hats\womanwearingacap_3c9.jpeg,340.9031,109.66882,529.78876,317.91815
721,hats\womanwearingacap_3e1.jpeg,1384.8293,454.30505,1588.4117,727.8866
722,hats\womanwearingacap_55.jpeg,289.52603,414.81815,398.08734,646.4731
723,hats\womanwearingacap_8a.jpeg,114.44006,160.44576,492.4737,554.71875
724,hats\womanwearingacap_dd.jpeg,138.14584,135.53726,281.40408,328.3229
725,hats\womanwearingacap_ef.jpeg,264.57214,51.890926,405.6149,228.20155
726,hats\womanwearingaheadcover_112.jpeg,635.15173,202.2237,954.2941,582.2837
727,hats\womanwearingaheadcover_115.jpeg,445.3525,93.68006,594.5771,300.8613
728,hats\womanwearingaheadcover_12d.jpeg,682.73505,206.2342,929.9104,556.4058
729,hats\womanwearingaheadcover_142.jpeg,221.24846,303.5185,795.55286,889.73584
730,hats\womanwearingaheadcover_14c.jpeg,81.58276,216.36005,230.1141,451.44437
731,hats\womanwearingaheadcover_17b.jpeg,635.15173,202.2237,954.2941,582.2837
732,hats\womanwearingaheadcover_1bc.jpeg,185.3947,100.50508,395.18878,472.85352
733,hats\womanwearingaheadcover_1be.jpeg,287.42978,284.53156,595.0423,758.96356
734,hats\womanwearingaheadcover_1c7.jpeg,832.0138,143.49303,1425.3131,1054.7811
735,hats\womanwearingaheadcover_1d5.jpeg,175.83383,14.637311,294.71692,142.13266
736,hats\womanwearingaheadcover_1de.jpeg,445.3525,93.68006,594.5771,300.8613
737,hats\womanwearingaheadcover_1e3.jpeg,185.3947,100.50508,395.18878,472.85352
738,hats\womanwearingaheadcover_1f0.jpeg,287.42978,284.53156,595.0423,758.96356
739,hats\womanwearingaheadcover_1f6.jpeg,94.10501,51.00065,127.46005,103.82894
740,hats\womanwearingaheadcover_208.jpeg,167.26283,142.5728,407.9256,490.53058
741,hats\womanwearingaheadcover_20a.jpeg,271.74667,229.73917,405.13998,413.2583
742,hats\womanwearingaheadcover_262.jpeg,296.98352,250.31851,527.776,678.96027
743,hats\womanwearingaheadcover_275.jpeg,205.14478,72.879395,421.3839,471.89874
744,hats\womanwearingaheadcover_275.png,319.50293,56.52733,431.9516,199.59134
745,hats\womanwearingaheadcover_293.jpeg,271.74667,229.73917,405.13998,413.2583
746,hats\womanwearingaheadcover_2a4.png,286.2215,108.96237,406.40518,282.48444
747,hats\womanwearingaheadcover_2e7.jpeg,94.10501,51.00065,127.46005,103.82894
748,hats\womanwearingaheadcover_2f3.jpeg,256.483,190.42336,573.6902,627.0319
749,hats\womanwearingaheadcover_303.jpeg,97.037186,65.60759,369.53046,415.54565
750,hats\womanwearingaheadcover_317.png,319.50293,56.52733,431.9516,199.59134
751,hats\womanwearingaheadcover_341.jpeg,586.405,139.02051,820.9535,443.7395
752,hats\womanwearingaheadcover_358.jpeg,97.037186,65.60759,369.53046,415.54565
753,hats\womanwearingaheadcover_369.jpeg,167.26283,142.5728,407.9256,490.53058
754,hats\womanwearingaheadcover_3a4.jpeg,214.96301,171.46927,442.83548,512.2789
755,hats\womanwearingaheadcover_3be.jpeg,256.483,190.42336,573.6902,627.0319
756,hats\womanwearingaheadcover_3ce.jpeg,205.14478,72.879395,421.3839,471.89874
757,hats\womanwearingaheadcover_4d.jpeg,214.96301,171.46927,442.83548,512.2789
758,hats\womanwearingaheadcover_6e.png,286.2215,108.96237,406.40518,282.48444
759,hats\womanwearingaheadcover_78.jpeg,401.66522,132.8724,458.90268,217.1139
760,hats\womanwearingaheadcover_8.jpeg,221.24846,303.5185,795.55286,889.73584
761,hats\womanwearingaheadcover_9b.jpeg,682.73505,206.2342,929.9104,556.4058
762,hats\womanwearingaheadcover_c5.jpeg,81.58276,216.36005,230.1141,451.44437
763,hats\womanwearingaheadcover_f1.jpeg,586.405,139.02051,820.9535,443.7395
764,hats\womanwithhat_166.jpeg,120.88382,64.73492,242.59177,206.69206
765,hats\womanwithhat_1c3.jpeg,198.14929,190.18839,352.89374,388.84222
766,hats\womanwithhat_23f.jpeg,166.42778,42.660065,332.02792,227.4754
767,hats\womanwithhat_2af.jpeg,76.39178,70.35815,189.80672,165.17517
768,hats\womanwithhat_32e.jpeg,470.60645,185.17209,858.1821,718.3283
769,hats\womanwithhat_3b3.jpeg,320.4714,315.4791,524.6911,598.7835
770,hats\womanwithhat_3c5.jpeg,177.38145,97.05393,251.35207,189.26164
771,hats\womanwithhat_78.jpeg,210.27052,53.61907,286.5156,133.9286
772,hats\womanwithhat_a9.jpeg,137.48125,140.89664,297.6816,344.3649
773,hats\womanwithtruckerhat_105.jpeg,418.6361,245.21765,832.2577,766.9852
774,hats\womanwithtruckerhat_112.jpeg,199.00618,121.825424,317.4175,281.26483
775,hats\womanwithtruckerhat_12.jpeg,464.43958,302.7583,706.32104,651.11444
776,hats\womanwithtruckerhat_12d.jpeg,643.3715,218.81662,775.31836,357.94406
777,hats\womanwithtruckerhat_1a0.jpeg,301.83148,333.60623,606.79517,656.87067
778,hats\womanwithtruckerhat_1b3.jpeg,308.5255,286.58725,723.73584,764.1257
779,hats\womanwithtruckerhat_1c3.jpeg,314.4351,232.72191,732.20935,698.0854
780,hats\womanwithtruckerhat_1c7.jpeg,199.00618,121.825424,317.4175,281.26483
781,hats\womanwithtruckerhat_1cb.jpeg,234.59602,142.84474,350.32532,258.1627
782,hats\womanwithtruckerhat_2aa.jpeg,308.5255,286.58725,723.73584,764.1257
783,hats\womanwithtruckerhat_34a.jpeg,418.6361,245.21765,832.2577,766.9852
784,hats\womanwithtruckerhat_34f.jpeg,834.2192,402.43414,1155.3347,779.061
785,hats\womanwithtruckerhat_35b.jpeg,193.43471,280.65237,441.82846,573.70337
786,hats\womanwithtruckerhat_391.jpeg,234.59602,142.84474,350.32532,258.1627
787,hats\womanwithtruckerhat_399.jpeg,193.43471,280.65237,441.82846,573.70337
788,hats\womanwithtruckerhat_3be.jpeg,322.30945,275.52405,602.34875,633.55176
789,hats\womanwithtruckerhat_7.jpeg,56.979168,78.72317,167.13358,224.16411
790,hats\womanwithtruckerhat_9d.jpeg,456.91122,163.74425,759.7631,591.77783
791,hats\woman_wearing_hoodie_129.jpeg,320.28995,202.12752,572.02966,571.853
792,hats\woman_wearing_hoodie_14.jpeg,403.14423,350.7537,461.72867,446.62567
793,hats\woman_wearing_hoodie_1b0.jpeg,320.37463,69.10601,415.1839,189.72919
794,hats\woman_wearing_hoodie_1e5.jpeg,283.6265,229.01202,397.7906,369.45978
795,hats\woman_wearing_hoodie_217.jpeg,234.92505,133.29187,411.39124,382.828
796,hats\woman_wearing_hoodie_254.jpeg,395.69598,223.1833,504.34113,373.85583
797,hats\woman_wearing_hoodie_268.jpeg,164.58978,126.08863,338.30966,371.53735
798,hats\woman_wearing_hoodie_284.jpeg,825.6907,633.2911,1803.3341,1709.7998
799,hats\woman_wearing_hoodie_2a3.jpeg,300.7935,176.48215,365.34238,272.50128
800,hats\woman_wearing_hoodie_310.jpeg,405.75015,800.42957,528.89655,961.39954
801,hats\woman_wearing_hoodie_35.jpeg,300.21906,267.5098,368.71967,350.12088
802,hats\woman_wearing_hoodie_3d9.jpeg,267.69498,97.684,336.6509,176.39598
803,hats\woman_wearing_hoodie_4f.jpeg,208.50066,378.8352,549.29095,700.3623
804,hats\woman_wearing_hoodie_89.jpeg,261.68118,43.8525,312.5711,121.45233
805,hats\woman_wearing_hoodie_94.jpeg,517.8064,231.72884,917.8084,840.6219
806,no_hats\bald_170.jpeg,737.6588,298.45688,1717.6902,1687.4379
807,no_hats\bald_188.jpeg,993.8796,175.5881,1448.712,812.32697
808,no_hats\bald_23b.jpeg,399.8621,90.75913,1234.2075,1455.9044
809,no_hats\bald_260.jpeg,314.59354,275.30817,647.2834,658.05383
810,no_hats\bald_293.jpeg,469.4893,253.79651,992.94543,901.134
811,no_hats\bald_2be.jpeg,290.4614,103.5419,515.90063,459.9851
812,no_hats\bald_2db.jpeg,1593.5258,276.59244,2225.77,1295.2592
813,no_hats\bald_2fc.jpeg,174.1976,122.22923,813.3218,904.12787
814,no_hats\bald_30f.jpeg,696.5139,46.389706,855.8535,330.99594
815,no_hats\bald_314.jpeg,779.831,148.60233,1130.8308,566.5366
816,no_hats\bald_32f.jpeg,111.84419,136.56157,388.5766,510.7325
817,no_hats\bald_351.jpeg,238.26346,47.422443,493.78738,407.3833
818,no_hats\bald_3bb.jpeg,579.69586,300.70352,1403.4236,1583.3231
819,no_hats\bald_9e.jpeg,150.71786,121.15874,611.3303,783.0534
820,no_hats\bald_bf.jpeg,372.95547,142.92747,732.5876,722.45624
821,no_hats\bald_black_man_10e.jpeg,403.93958,98.892334,883.11395,819.369
822,no_hats\bald_black_man_118.jpeg,203.64609,37.459988,275.48624,135.87407
823,no_hats\bald_black_man_18e.jpeg,395.39798,102.961395,551.89795,308.01324
824,no_hats\bald_black_man_1e5.jpeg,115.79066,51.985485,289.39844,296.88394
825,no_hats\bald_black_man_20f.jpeg,314.86423,29.251791,423.7293,183.38707
826,no_hats\bald_black_man_232.jpeg,67.42032,34.22785,215.1713,255.57152
827,no_hats\bald_black_man_23c.jpeg,484.95657,63.653557,676.1519,346.81
828,no_hats\bald_black_man_29d.jpeg,273.7199,15.101834,358.04504,127.60477
829,no_hats\bald_black_man_2e6.jpeg,112.43958,128.03224,536.6278,750.4441
830,no_hats\bald_black_man_330.jpeg,275.79782,65.332855,417.22043,282.58893
831,no_hats\bald_black_man_33c.jpeg,576.6953,510.08704,1322.8062,1694.9199
832,no_hats\bald_black_man_34a.jpeg,103.71365,75.32107,262.563,294.35046
833,no_hats\bald_black_man_357.jpeg,119.27708,54.214123,255.6166,236.20125
834,no_hats\bald_black_man_35c.jpeg,219.92278,117.63342,309.0294,247.47806
835,no_hats\bald_black_man_3a4.jpeg,87.971436,46.34854,226.20447,238.1675
836,no_hats\bald_black_man_3b.jpeg,416.04968,782.5246,2965.3533,4126.8867
837,no_hats\bald_black_man_3d.webp,272.19485,108.265915,401.06363,312.79163
838,no_hats\bald_black_man_51.jpeg,225.58774,57.72143,302.07666,172.32715
839,no_hats\bald_black_man_57.jpeg,175.20459,53.90645,251.5296,157.57483
840,no_hats\bald_black_man_f2.png,56.62303,53.768612,157.92038,187.9728
841,no_hats\bald_black_man_fd.jpeg,555.8113,374.19098,1480.9513,1985.167
842,no_hats\bald_ce.jpeg,493.8148,31.177652,699.26825,339.24698
843,no_hats\bald_d0.jpeg,492.31604,123.89414,745.6855,463.11874
844,no_hats\bald_d7.jpeg,1211.1299,141.33218,1485.3654,481.0295
845,no_hats\bald_de.jpeg,234.84677,133.43958,587.3197,606.21295
846,no_hats\hairline_261.png,327.637,97.12456,763.1306,713.6469
847,no_hats\hairline_298.jpeg,428.89783,159.74174,639.4001,453.8565
848,no_hats\hairline_302.jpeg,477.32684,108.25634,715.323,486.54272
849,no_hats\hairline_34.jpeg,179.35335,124.92299,310.2872,340.7704
850,no_hats\hairline_39e.png,541.5105,287.36835,959.8141,868.29956
851,no_hats\hairline_fd.jpeg,131.34589,50.523888,357.24402,289.37653
852,no_hats\man_receding_hairline_11d.jpeg,488.3854,145.84082,896.2974,757.4324
853,no_hats\man_receding_hairline_12c.jpeg,589.27686,286.4001,1047.3391,791.75964
854,no_hats\man_receding_hairline_197.jpeg,243.53009,55.945606,327.0295,190.77417
855,no_hats\man_receding_hairline_1ab.jpeg,908.80426,451.53305,1234.5162,1123.0831
856,no_hats\man_receding_hairline_1dd.webp,388.5034,174.1319,608.08435,555.9814
857,no_hats\man_receding_hairline_23d.jpeg,247.3151,22.5401,776.254,705.52277
858,no_hats\man_receding_hairline_263.jpeg,425.29895,121.42979,666.91797,508.26013
859,no_hats\man_receding_hairline_2a4.webp,254.82317,117.12307,481.58377,426.88623
860,no_hats\man_receding_hairline_2b.jpeg,296.22537,128.70502,542.8614,443.58868
861,no_hats\man_receding_hairline_30c.jpeg,142.70892,108.6323,247.88496,252.00883
862,no_hats\man_receding_hairline_3df.jpeg,296.99646,97.5459,438.32407,290.73697
863,no_hats\man_receding_hairline_48.jpeg,96.46971,81.14519,302.43292,385.42517
864,no_hats\receding_18e.jpeg,2188.8027,626.7657,3079.7393,1769.0507
865,no_hats\receding_19.jpeg,742.0889,374.66492,1189.2272,1128.677
866,no_hats\receding_206.webp,254.82317,117.12307,481.58377,426.88623
867,no_hats\receding_2fb.jpeg,543.1706,158.86699,765.7416,449.2778
868,no_hats\receding_2fc.jpeg,595.25244,356.94977,835.0138,736.3167
869,no_hats\receding_f4.jpeg,285.43057,62.91552,562.9937,426.00327
870,no_hats\short_hair_black_man_12d.jpeg,112.829056,68.32722,418.91614,438.81754
871,no_hats\short_hair_black_man_160.jpeg,114.80263,170.66197,299.3077,436.13614
872,no_hats\short_hair_black_man_178.jpeg,299.99338,130.51787,840.9242,1000.6971
873,no_hats\short_hair_black_man_17a.jpeg,106.06809,287.48517,468.92587,813.5014
874,no_hats\short_hair_black_man_19.jpeg,219.75526,217.36018,550.2247,727.7155
875,no_hats\short_hair_black_man_1b7.jpeg,301.80292,195.39531,823.5057,974.3641
876,no_hats\short_hair_black_man_1c5.jpeg,113.03844,156.25212,520.1454,749.7028
877,no_hats\short_hair_black_man_1f1.jpeg,153.80116,264.96588,593.42645,817.2018
878,no_hats\short_hair_black_man_1fd.jpeg,149.91838,107.49793,410.51938,584.1527
879,no_hats\short_hair_black_man_203.jpeg,255.99216,213.46616,672.3818,736.8317
880,no_hats\short_hair_black_man_207.jpeg,254.78523,199.06946,686.25885,820.10046
881,no_hats\short_hair_black_man_20d.jpeg,156.44351,63.669083,362.0904,374.18408
882,no_hats\short_hair_black_man_249.jpeg,385.10516,278.1717,733.1508,792.42267
883,no_hats\short_hair_black_man_252.jpeg,472.61398,210.69974,1116.7343,982.0115
884,no_hats\short_hair_black_man_268.jpeg,257.74887,142.51674,535.31396,558.4886
885,no_hats\short_hair_black_man_2ab.webp,195.24605,165.83673,414.11407,449.94086
886,no_hats\short_hair_black_man_2e7.jpeg,73.65085,193.2727,319.86865,591.802
887,no_hats\short_hair_black_man_32b.jpeg,67.95567,163.39825,462.24426,467.64487
888,no_hats\short_hair_black_man_33f.jpeg,252.19586,119.217255,481.39053,466.86426
889,no_hats\short_hair_black_man_347.jpeg,205.94202,126.38016,427.19034,432.3564
890,no_hats\short_hair_black_man_37d.jpeg,228.79495,64.92229,376.98602,303.1625
891,no_hats\short_hair_black_man_3c0.jpeg,37.944115,122.51764,392.3627,668.60596
892,no_hats\short_hair_black_man_4d.jpeg,262.4362,121.31916,550.36224,514.0459
893,no_hats\short_hair_black_man_50.jpeg,144.74539,249.8197,639.66907,1009.0573
894,no_hats\short_hair_black_man_75.jpeg,1221.408,317.70297,2416.0044,1828.729
895,no_hats\short_hair_black_man_d6.jpeg,276.15326,211.19388,764.9537,871.82056
896,no_hats\short_hair_mann_10e.jpeg,303.30212,174.5411,667.37494,662.201
897,no_hats\short_hair_mann_1fd.jpeg,294.72247,390.01,538.97375,798.6155
898,no_hats\short_hair_mann_20c.jpeg,256.29355,105.90649,607.0248,608.542
899,no_hats\short_hair_mann_24a.jpeg,118.16033,238.96413,589.3003,796.5926
900,no_hats\short_hair_mann_273.jpeg,127.39261,174.12643,292.5179,420.49194
901,no_hats\short_hair_mann_293.jpeg,61.61344,146.77745,707.4805,914.26215
902,no_hats\short_hair_mann_2a6.jpeg,252.19586,119.217255,481.39053,466.86426
903,no_hats\short_hair_mann_2b.jpeg,337.6004,201.17274,543.5565,510.3458
904,no_hats\short_hair_mann_35a.jpeg,58.95762,93.256775,258.39664,394.11975
905,no_hats\short_hair_mann_40.jpeg,61.142906,130.17068,386.18118,409.08038
906,no_hats\short_hair_mann_88.webp,261.25876,219.00731,786.7614,877.78357
