path,bb_x1,bb_y1,bb_x2,bb_y2
alamy_0.jpg,106.342354,194.77193,168.87285,266.73358
alamy_1.jpg,207.94035,101.4274,266.04544,175.50644
alamy_10.jpg,153.09302,162.69495,175.64667,194.75774
alamy_100.jpg,245.90819,46.594387,341.8311,176.16718
alamy_101.jpg,88.9909,47.90373,301.77026,243.99278
alamy_102.jpg,219.25305,47.036453,313.77435,172.67235
alamy_104.jpg,204.04124,62.347717,275.5595,161.27
alamy_106.jpg,70.97197,94.28624,166.84822,210.04082
alamy_107.jpg,105.05934,133.03639,161.40535,197.72055
alamy_108.jpg,108.6955,34.94244,285.23093,291.88123
alamy_109.jpg,199.80432,76.91286,349.73444,240.679
alamy_11.jpg,192.45227,117.131996,250.80827,185.52371
alamy_110.jpg,160.63747,101.24298,248.86053,215.3376
alamy_111.jpg,257.78314,113.956795,323.2449,201.8276
alamy_112.jpg,93.574455,100.88882,184.196,228.95312
alamy_113.jpg,170.77734,75.610435,216.07838,140.45216
alamy_114.jpg,250.12032,56.72093,344.40692,176.69855
alamy_115.jpg,210.14607,37.36856,262.18927,107.795265
alamy_116.jpg,137.67966,39.4675,187.46918,101.601
alamy_117.jpg,230.76881,25.71412,380.45578,221.21658
alamy_118.jpg,220.55408,55.593113,339.87033,210.89384
alamy_119.jpg,130.24171,64.599,194.11319,157.13074
alamy_12.jpg,82.08072,63.414097,190.40149,213.05295
alamy_120.jpg,217.20613,146.32402,232.71411,166.43768
alamy_121.jpg,206.48975,62.719456,267.52127,161.91881
alamy_122.jpg,279.5465,71.50992,375.40237,213.78607
alamy_123.jpg,209.98593,25.097881,285.49924,134.09416
alamy_124.jpg,173.45636,65.04772,247.99239,152.31126
alamy_125.jpg,218.47362,42.158512,279.73276,123.806725
alamy_126.jpg,107.799774,88.78084,165.043,169.03209
alamy_127.jpg,85.457184,75.21641,111.27033,104.55885
alamy_128.jpg,113.853226,141.40198,169.06189,217.28027
alamy_129.jpg,189.02342,55.461746,253.5996,144.59045
alamy_13.jpg,227.27725,99.1154,303.2514,183.54706
alamy_130.jpg,59.80476,16.347801,242.32721,215.7579
alamy_131.jpg,234.4613,44.38499,288.14346,111.431694
alamy_132.jpg,111.4752,27.44798,204.1681,131.68073
alamy_133.jpg,244.17557,47.380844,319.7193,139.77325
alamy_134.jpg,136.83504,92.11343,221.18102,221.27682
alamy_135.jpg,129.33873,50.326557,167.01819,96.031105
alamy_136.jpg,124.25578,68.864174,175.71858,136.96335
alamy_137.jpg,256.2571,93.44523,329.94617,187.9178
alamy_138.jpg,223.30443,67.94114,272.12073,125.065216
alamy_139.jpg,404.2841,67.162346,446.11795,122.47992
alamy_14.jpg,94.870384,39.271996,287.71646,239.12071
alamy_140.jpg,143.37395,64.7042,236.18436,178.24654
alamy_141.jpg,129.99152,172.29506,175.37845,222.90257
alamy_142.jpg,256.0837,31.320778,324.62103,124.14036
alamy_143.jpg,219.00212,33.028484,266.06433,101.33575
alamy_144.jpg,116.406975,136.76422,162.29669,198.29527
alamy_146.jpg,88.134544,27.330196,141.3266,91.21525
alamy_147.jpg,100.67343,136.52696,155.40106,199.47829
alamy_148.jpg,210.51343,77.770325,314.96048,197.42407
alamy_149.jpg,128.56125,67.00531,173.82521,114.456314
alamy_15.jpg,278.3855,46.876587,316.93915,101.926346
alamy_150.jpg,277.3132,56.842278,344.94153,147.33728
alamy_151.jpg,196.03343,102.89562,285.2828,204.13072
alamy_152.jpg,96.27143,23.871832,249.17375,239.77634
alamy_153.jpg,65.37782,95.72223,239.3982,313.9941
alamy_154.jpg,135.49327,98.6812,173.25153,139.32423
alamy_155.jpg,68.027054,139.47101,244.33551,355.66217
alamy_156.jpg,146.12437,71.42956,249.2571,201.71324
alamy_157.jpg,170.1283,89.30641,206.80103,136.48917
alamy_158.jpg,121.61829,34.028393,178.29033,100.95348
alamy_159.jpg,87.36852,131.54846,210.51947,265.02975
alamy_16.jpg,76.77325,92.17403,186.90213,218.819
alamy_160.jpg,102.58854,67.756966,187.16927,175.50159
alamy_161.jpg,116.43547,147.25052,187.58694,239.31145
alamy_162.jpg,272.62976,64.24793,375.8182,199.96869
alamy_163.jpg,262.9909,43.48328,301.76987,98.12921
alamy_164.jpg,118.97623,52.828583,188.03313,136.28516
alamy_165.jpg,177.59787,93.3573,266.10117,206.54436
alamy_166.jpg,106.675224,127.78088,176.0189,214.74811
alamy_167.jpg,172.68518,90.23949,291.2172,234.14246
alamy_169.jpg,97.19613,29.551125,131.86609,62.39359
alamy_17.jpg,162.1527,100.78724,199.76724,148.70142
alamy_170.jpg,258.2706,57.752457,340.52798,158.82489
alamy_171.jpg,304.3965,41.509827,348.58228,118.85354
alamy_172.jpg,149.52072,82.97553,223.04431,179.28357
alamy_173.jpg,251.92195,36.08559,378.9453,192.83302
alamy_175.jpg,251.0427,58.756596,285.51874,111.461655
alamy_176.jpg,206.22562,51.166004,273.34183,132.1925
alamy_177.jpg,283.65512,73.12874,317.6433,118.80034
alamy_178.jpg,223.82704,88.15878,332.29944,222.26059
alamy_18.jpg,199.29153,99.43413,278.2957,199.69669
alamy_180.jpg,287.97083,27.429543,320.3404,74.03601
alamy_181.jpg,297.4742,80.58859,388.08948,172.83202
alamy_182.jpg,291.69913,42.578644,341.14368,116.98149
alamy_183.jpg,244.56093,95.82779,288.3002,151.1148
alamy_184.jpg,81.83509,130.11205,104.84764,159.18852
alamy_185.jpg,151.64102,112.95189,242.55154,211.01993
alamy_186.jpg,112.655785,44.95639,187.0044,131.29216
alamy_188.jpg,268.86182,19.575542,300.65936,58.169937
alamy_189.jpg,281.3128,39.785538,379.9757,160.04501
alamy_19.jpg,145.52103,80.036026,257.7695,223.44943
alamy_190.jpg,239.36607,66.80591,277.57242,114.59023
alamy_191.jpg,256.1552,87.72949,271.57092,107.5156
alamy_192.jpg,193.1947,51.293884,268.84235,157.0195
alamy_193.jpg,161.21669,99.29895,229.09676,198.86588
alamy_194.jpg,68.51149,80.722,136.00401,150.39566
alamy_195.jpg,283.30746,38.3565,378.3283,165.1155
alamy_197.jpg,255.0578,30.818987,401.27365,214.99641
alamy_198.jpg,150.36897,68.301674,222.13766,174.65918
alamy_199.jpg,256.22537,135.67293,296.8209,184.34526
alamy_2.jpg,224.49883,13.08969,282.71478,86.01114
alamy_20.jpg,88.55592,39.56793,232.53664,208.83102
alamy_200.jpg,166.21753,105.07506,244.64127,206.94733
alamy_202.jpg,209.77957,62.987396,300.31216,171.79695
alamy_203.jpg,273.09872,97.22746,360.61655,191.17334
alamy_204.jpg,157.02649,126.91408,185.04799,162.85825
alamy_205.jpg,216.75558,93.27583,249.91397,138.00536
alamy_206.jpg,205.63786,78.941795,235.09705,111.32388
alamy_207.jpg,113.71512,7.573695,216.16751,136.05472
alamy_208.jpg,239.7139,61.38136,295.17523,131.7626
alamy_209.jpg,66.79943,45.31613,145.95013,148.83209
alamy_21.jpg,178.57117,75.891655,253.66429,170.9509
alamy_210.jpg,186.29402,50.916153,302.84134,199.24742
alamy_211.jpg,142.83107,89.68543,198.42255,168.35298
alamy_213.jpg,73.05862,89.00423,182.8973,304.2385
alamy_214.jpg,81.49119,68.00048,116.36022,119.42639
alamy_215.jpg,104.19575,88.170525,124.10686,111.91199
alamy_216.jpg,103.709206,20.995304,141.8358,73.425575
alamy_217.jpg,160.10075,37.994278,327.55554,252.57805
alamy_218.jpg,105.11891,102.51896,178.00598,206.2262
alamy_219.jpg,208.89058,76.93775,242.49478,115.04625
alamy_22.jpg,411.67035,19.562904,534.48285,169.48602
alamy_220.jpg,121.05717,42.556496,169.66556,106.818436
alamy_221.jpg,253.51169,65.1672,280.1579,104.12693
alamy_222.jpg,119.75453,61.721485,168.1529,127.20784
alamy_223.jpg,190.71484,114.22226,266.275,207.8453
alamy_224.jpg,245.91147,127.779144,314.6982,210.04286
alamy_225.jpg,133.07661,98.19423,294.22528,256.75763
alamy_226.jpg,161.78668,98.794785,273.57678,211.65392
alamy_227.jpg,115.97844,34.53834,230.97343,178.60861
alamy_228.jpg,110.77725,30.206554,174.67273,103.75856
alamy_229.jpg,271.31683,120.16717,313.3067,184.28856
alamy_23.jpg,127.90011,81.91899,174.84294,146.55954
alamy_231.jpg,145.48596,97.909,177.9039,143.63098
alamy_232.jpg,160.69405,147.47206,195.04137,193.24257
alamy_233.jpg,122.40883,63.685406,171.44998,128.86435
alamy_234.jpg,101.9154,58.11837,163.2204,123.555595
alamy_235.jpg,126.05861,43.260567,236.86511,175.96886
alamy_236.jpg,220.72498,8.468084,375.93,234.48914
alamy_238.jpg,91.40567,70.51576,125.20729,119.23059
alamy_239.jpg,148.13869,277.82254,182.47679,317.03064
alamy_24.jpg,149.4592,103.67642,176.27727,143.18309
alamy_240.jpg,152.64958,56.363186,210.38322,125.4003
alamy_241.jpg,87.3668,15.883464,148.48991,94.31353
alamy_242.jpg,294.7106,35.829945,323.72092,75.36785
alamy_243.jpg,212.0314,36.786346,234.38657,64.37149
alamy_244.jpg,107.39053,130.49467,172.02626,228.4139
alamy_245.jpg,167.06099,36.37439,286.49588,209.6318
alamy_246.jpg,178.76645,48.84398,225.50398,115.80044
alamy_247.jpg,119.166794,107.58056,146.688,140.3252
alamy_248.jpg,111.80593,140.93564,166.2348,204.03603
alamy_249.jpg,106.09535,46.865013,144.9787,97.371796
alamy_25.jpg,197.40268,85.14838,263.95618,172.22598
alamy_250.jpg,85.61316,55.293465,153.6519,127.316246
alamy_251.jpg,300.68396,27.543175,336.7551,72.76097
alamy_252.jpg,281.36148,40.15512,355.71777,131.94418
alamy_253.jpg,258.7886,2.8220797,333.12408,93.38398
alamy_254.jpg,139.92859,64.64337,285.44653,225.14789
alamy_255.jpg,152.64958,56.363186,210.38322,125.4003
alamy_256.jpg,128.11159,107.66495,179.3866,171.14699
alamy_257.jpg,97.809875,53.07847,141.29346,115.1273
alamy_259.jpg,153.97299,31.437895,197.40172,93.945694
alamy_26.jpg,183.04451,52.921906,322.00278,265.05695
alamy_260.jpg,254.12355,101.030655,310.4414,170.3193
alamy_261.jpg,88.48496,55.358803,178.86787,179.67697
alamy_262.jpg,184.23343,96.99489,242.44469,162.74733
alamy_263.jpg,264.43463,65.63619,297.43494,107.843285
alamy_264.jpg,358.48163,33.181618,393.38828,82.183
alamy_265.jpg,67.43436,18.201227,233.59705,194.67944
alamy_266.jpg,335.95563,26.53264,390.47955,92.556274
alamy_267.jpg,59.739895,77.22265,210.99135,233.9468
alamy_268.jpg,107.88724,165.81502,181.10368,252.80225
alamy_269.jpg,173.66982,91.782974,256.16492,185.73132
alamy_27.jpg,122.525795,40.37357,195.17975,138.39851
alamy_270.jpg,297.96704,74.33511,340.01093,110.29733
alamy_272.jpg,281.46298,36.068054,400.252,198.1388
alamy_273.jpg,265.95535,64.19518,293.66754,101.913536
alamy_274.jpg,33.022064,19.538221,173.25665,193.06313
alamy_275.jpg,127.85991,76.27843,199.64247,172.97986
alamy_276.jpg,97.91009,24.944511,194.08696,164.3769
alamy_277.jpg,138.44739,11.23924,292.14938,217.44133
alamy_278.jpg,147.86519,31.450241,198.20013,98.54782
alamy_279.jpg,181.68047,138.15901,210.88846,176.27234
alamy_28.jpg,209.19397,106.37366,242.73338,151.08629
alamy_280.jpg,142.7076,57.29426,330.68936,174.132
alamy_281.jpg,293.0343,83.96182,327.7586,122.878105
alamy_282.jpg,85.90152,121.298,217.17952,299.26517
alamy_283.jpg,229.20248,69.23369,307.1985,168.66077
alamy_284.jpg,191.43106,21.50307,285.67593,136.75732
alamy_285.jpg,89.465645,106.2283,160.83754,205.19223
alamy_286.jpg,52.082104,24.253716,173.66898,172.55737
alamy_287.jpg,102.87873,50.052788,150.7046,116.04528
alamy_288.jpg,290.62143,102.66198,308.73862,124.157555
alamy_289.jpg,243.32051,176.64307,279.3009,218.64299
alamy_29.jpg,128.28984,99.394615,161.81859,145.59363
alamy_290.jpg,159.7519,67.91808,212.83661,138.78238
alamy_291.jpg,287.138,96.67529,312.38962,130.55501
alamy_293.jpg,141.88622,122.22211,284.5016,217.82803
alamy_294.jpg,180.63315,33.938732,397.39212,270.07465
alamy_295.jpg,96.16586,37.426224,174.8276,140.46501
alamy_297.jpg,170.45013,65.347435,253.86559,172.0705
alamy_298.jpg,134.36963,133.27383,167.7224,172.64265
alamy_299.jpg,81.26204,26.072693,116.26319,65.73285
alamy_3.jpg,140.36475,60.03798,212.39447,152.18443
alamy_30.jpg,65.026924,87.96763,150.65855,198.70633
alamy_300.jpg,167.02289,54.977203,294.84134,212.53873
alamy_302.jpg,234.81938,77.28275,282.72086,145.08517
alamy_303.jpg,186.42064,31.83014,353.12326,254.9697
alamy_304.jpg,126.76866,64.090965,205.93275,156.52237
alamy_305.jpg,155.98587,132.30214,192.17165,173.90474
alamy_306.jpg,170.4942,93.24657,223.13493,171.70294
alamy_307.jpg,97.56826,67.084045,249.10497,246.84836
alamy_308.jpg,127.66845,60.904675,203.51492,166.82054
alamy_309.jpg,182.33131,37.70923,237.15213,119.48586
alamy_31.jpg,77.45195,86.123634,192.7847,234.08197
alamy_310.jpg,314.96616,116.452644,342.9193,149.82077
alamy_311.jpg,66.9503,73.37837,224.20398,257.333
alamy_312.jpg,188.31061,74.28407,218.14339,115.75369
alamy_313.jpg,114.47287,60.358257,267.59637,268.69733
alamy_314.jpg,86.55299,103.87723,114.09311,138.62231
alamy_315.jpg,114.71548,60.400047,145.18695,113.49565
alamy_316.jpg,92.32572,38.245163,181.10945,173.1784
alamy_317.jpg,60.831783,62.711685,191.2227,237.95056
alamy_318.jpg,89.72208,52.213783,169.89177,158.91493
alamy_319.jpg,89.92914,58.2698,230.56169,250.3168
alamy_32.jpg,231.93405,43.2654,356.23062,217.32109
alamy_320.jpg,89.94559,156.66997,171.28625,261.66943
alamy_321.jpg,218.87186,55.584717,309.54788,177.56958
alamy_322.jpg,125.949974,98.128525,154.20499,132.42993
alamy_324.jpg,48.98273,49.177704,191.30785,242.7758
alamy_325.jpg,126.0603,81.53816,190.19063,175.06984
alamy_326.jpg,128.27835,94.99727,187.67165,172.62431
alamy_327.jpg,192.66734,110.692635,235.64555,165.65253
alamy_328.jpg,130.52261,172.51161,179.25699,236.26974
alamy_329.jpg,107.81422,142.4529,177.6395,212.7646
alamy_33.jpg,109.935234,84.99681,183.7559,181.71829
alamy_330.jpg,90.68463,91.02331,160.06328,191.37627
alamy_331.jpg,184.12375,80.06897,278.8989,205.53458
alamy_332.jpg,61.303516,12.0104885,210.19423,253.33331
alamy_333.jpg,118.61969,46.802753,180.97969,128.86372
alamy_334.jpg,190.65149,24.82733,220.72363,66.12418
alamy_335.jpg,140.61612,87.041306,183.35106,144.97292
alamy_337.jpg,182.46635,87.19699,280.64996,214.61627
alamy_338.jpg,152.29013,45.099854,257.92035,194.53711
alamy_339.jpg,247.23004,139.547,278.3217,179.96405
alamy_34.jpg,130.96982,203.38638,154.69865,228.62918
alamy_340.jpg,72.97725,43.98814,175.80775,294.38782
alamy_341.jpg,144.52129,88.34991,237.06517,211.36108
alamy_342.jpg,227.49794,61.402855,307.65738,170.68188
alamy_343.jpg,90.69491,112.06811,171.5826,220.12372
alamy_344.jpg,113.05008,149.29482,148.54703,195.56363
alamy_345.jpg,119.01416,78.44957,196.29027,182.61539
alamy_346.jpg,110.792305,151.49849,153.7197,193.1236
alamy_347.jpg,109.55394,56.006508,186.26167,154.77965
alamy_348.jpg,172.77518,53.15911,212.02666,86.80924
alamy_349.jpg,89.33515,37.11761,197.05124,180.50412
alamy_35.jpg,124.38351,49.675808,237.7872,202.91386
alamy_350.jpg,80.96497,95.28179,197.35182,228.69495
alamy_351.jpg,243.46996,75.522644,264.2563,98.419525
alamy_352.jpg,134.76233,165.77783,156.92686,191.97696
alamy_353.jpg,136.51556,101.9083,235.43085,240.60432
alamy_354.jpg,156.49278,71.93432,295.36533,233.51572
alamy_355.jpg,79.703926,72.91017,143.41922,154.91061
alamy_356.jpg,182.74046,85.93573,279.17612,186.02933
alamy_357.jpg,106.8814,143.0544,172.86601,213.93626
alamy_358.jpg,193.56456,86.33892,234.47577,128.48169
alamy_359.jpg,95.38535,72.32644,217.25977,205.48546
alamy_36.jpg,114.49896,49.041004,190.87036,146.65337
alamy_360.jpg,216.40988,74.19732,244.33499,116.853935
alamy_361.jpg,119.49921,63.012337,217.63658,194.5387
alamy_362.jpg,185.20714,44.470634,227.77533,99.05237
alamy_363.jpg,122.94252,100.42748,187.25917,194.01309
alamy_364.jpg,227.38983,81.72363,245.67453,109.6882
alamy_365.jpg,194.94348,36.77239,237.85715,94.28319
alamy_366.jpg,207.89087,87.18977,290.5209,182.6131
alamy_367.jpg,68.54362,44.95951,156.17993,158.36717
alamy_368.jpg,200.3496,107.08421,243.03145,168.30804
alamy_369.jpg,202.30891,48.62011,253.08699,109.15723
alamy_37.jpg,112.266754,36.832466,236.69197,200.59811
alamy_370.jpg,90.00713,82.56158,203.04507,246.42673
alamy_371.jpg,121.39714,137.22179,181.89418,213.50294
alamy_372.jpg,157.68803,123.24838,224.44525,221.21164
alamy_373.jpg,156.9052,59.799335,226.25003,153.066
alamy_374.jpg,242.6532,52.796585,279.09424,101.516945
alamy_375.jpg,230.80951,38.917164,277.57623,107.21268
alamy_376.jpg,204.19206,125.980255,251.92477,189.02107
alamy_377.jpg,113.25329,33.484997,173.96234,128.76747
alamy_378.jpg,135.08475,105.957726,225.82088,258.8611
alamy_379.jpg,126.13014,15.726886,184.75996,96.32272
alamy_38.jpg,90.04158,54.47729,224.94334,228.64809
alamy_380.jpg,259.65955,62.62558,303.81204,114.66841
alamy_381.jpg,176.91998,77.362465,228.2883,146.39575
alamy_382.jpg,120.52273,45.11385,183.85759,125.753365
alamy_383.jpg,125.15753,9.779639,219.0614,124.563484
alamy_384.jpg,86.62839,17.57452,263.12955,244.06517
alamy_385.jpg,98.38647,118.17698,193.70607,211.15457
alamy_386.jpg,110.198105,61.115017,165.11124,153.34413
alamy_387.jpg,109.53475,150.9974,151.54445,192.2571
alamy_388.jpg,290.92435,189.53159,346.3604,258.23825
alamy_389.jpg,100.66534,146.12344,163.10649,219.86958
alamy_39.jpg,44.701065,106.15609,136.58644,207.26622
alamy_390.jpg,168.7759,61.65706,261.02582,178.92392
alamy_391.jpg,97.01165,53.184174,158.03885,121.823494
alamy_392.jpg,82.99638,76.85098,223.67563,291.68152
alamy_393.jpg,167.50606,43.213356,240.80782,125.88477
alamy_394.jpg,296.71033,43.257645,369.15417,161.697
alamy_395.jpg,102.80353,148.3386,187.63786,278.37524
alamy_396.jpg,165.5666,22.480574,211.70625,96.92291
alamy_397.jpg,197.05501,60.50201,278.3536,178.31061
alamy_398.jpg,150.24243,13.208763,252.89809,125.108154
alamy_399.jpg,185.52562,24.829098,308.37225,175.55112
alamy_4.jpg,209.8183,92.88524,316.64825,231.59686
alamy_40.jpg,154.3753,112.8251,277.95645,234.1236
alamy_400.jpg,150.90172,76.78119,187.29308,128.28662
alamy_401.jpg,172.58656,113.902954,251.89098,230.6404
alamy_402.jpg,181.86346,69.518456,221.6634,117.50087
alamy_403.jpg,111.56376,114.457825,174.8799,186.6443
alamy_404.jpg,208.45697,57.73395,291.97174,168.48631
alamy_405.jpg,149.66716,64.89446,197.93709,134.0576
alamy_406.jpg,113.371826,141.72537,169.06096,215.84027
alamy_407.jpg,208.92552,43.09239,271.4942,125.693665
alamy_408.jpg,104.90494,32.28653,295.41586,222.26541
alamy_409.jpg,216.66519,41.103706,249.58244,79.84903
alamy_41.jpg,181.76057,39.257706,205.70944,74.99736
alamy_410.jpg,121.45504,66.31027,218.46635,177.09811
alamy_411.jpg,154.50961,53.62116,219.99683,142.23962
alamy_412.jpg,221.8653,24.788681,299.79855,123.08334
alamy_413.jpg,124.11163,133.15794,178.52895,208.37747
alamy_414.jpg,136.94879,69.71325,258.49445,220.15088
alamy_415.jpg,165.86197,4.805956,314.12927,294.01898
alamy_416.jpg,132.92735,71.42149,225.54149,185.71582
alamy_417.jpg,112.97223,87.62206,210.82222,204.16447
alamy_418.jpg,102.93107,55.691586,128.02919,101.069046
alamy_419.jpg,116.81552,35.358154,253.29166,205.5001
alamy_42.jpg,43.33061,54.25419,172.32991,157.86436
alamy_420.jpg,120.126274,82.342926,171.77065,158.69974
alamy_421.jpg,208.72726,66.799904,272.72202,147.38405
alamy_422.jpg,233.9997,102.3725,295.40665,187.61201
alamy_423.jpg,191.26297,68.95959,274.41763,176.98505
alamy_424.jpg,184.65454,47.977272,289.32108,173.48044
alamy_425.jpg,74.30869,97.95281,251.64667,310.38733
alamy_426.jpg,63.71433,60.05832,213.69992,315.86935
alamy_427.jpg,201.72435,90.507706,264.3549,176.85748
alamy_428.jpg,176.16476,9.858572,211.47316,55.738136
alamy_429.jpg,75.255264,94.89296,144.36443,176.82959
alamy_43.jpg,148.7329,123.94182,228.9617,222.10646
alamy_430.jpg,160.49927,243.05472,211.12444,314.14804
alamy_431.jpg,248.17168,61.721725,270.66104,90.07798
alamy_432.jpg,200.80713,63.339653,248.82094,125.5385
alamy_433.jpg,187.18047,47.115597,297.14633,171.45844
alamy_434.jpg,115.210014,87.06355,185.88,182.16245
alamy_435.jpg,148.84848,45.18322,275.35043,201.60597
alamy_436.jpg,160.42116,-7.6440187,302.86017,191.69162
alamy_437.jpg,232.4897,59.095886,286.93768,135.9268
alamy_438.jpg,121.18787,96.12219,207.09766,205.54977
alamy_439.jpg,113.42283,116.42343,174.57263,187.01657
alamy_44.jpg,43.470234,57.545868,67.94567,143.58891
alamy_440.jpg,127.54419,200.39143,176.65576,266.1098
alamy_441.jpg,95.3603,68.80431,167.38193,167.18292
alamy_442.jpg,80.10995,92.78139,200.26637,258.26837
alamy_443.jpg,100.216896,88.94062,164.39679,159.59908
alamy_444.jpg,129.99219,31.997301,187.61093,119.86126
alamy_445.jpg,114.915596,79.13324,317.85895,263.16904
alamy_446.jpg,220.69313,103.55974,281.50455,185.12434
alamy_447.jpg,174.03148,37.37446,268.49945,159.26788
alamy_448.jpg,251.90422,46.07517,317.45837,116.44123
alamy_449.jpg,122.025246,131.90266,188.63956,222.3133
alamy_45.jpg,223.70934,70.78523,260.39572,121.88194
alamy_450.jpg,88.08368,94.7495,215.77151,260.8613
alamy_451.jpg,165.35492,71.267815,193.72739,110.102
alamy_452.jpg,92.547134,58.83032,222.87138,231.9602
alamy_453.jpg,59.681293,72.594666,184.14563,240.97719
alamy_454.jpg,86.64619,155.48256,222.65099,310.96606
alamy_455.jpg,150.03795,49.947525,211.63748,128.75914
alamy_456.jpg,187.46942,44.86944,297.555,172.69427
alamy_457.jpg,254.26974,225.56888,297.96924,281.4515
alamy_458.jpg,42.109253,68.08166,242.14862,329.3182
alamy_459.jpg,120.83667,65.74468,217.72034,177.26074
alamy_460.jpg,121.69979,73.60496,215.65479,183.29007
alamy_461.jpg,68.01302,87.74868,174.18445,224.5027
alamy_462.jpg,105.61707,70.95763,190.81871,173.61137
alamy_463.jpg,111.483734,29.204285,144.2458,83.48214
alamy_464.jpg,238.82596,51.358147,274.3445,108.998886
alamy_465.jpg,161.44846,70.2421,264.51282,200.30586
alamy_466.jpg,28.452627,77.76209,167.63705,256.85483
alamy_467.jpg,123.1032,79.93316,213.74796,172.83722
alamy_468.jpg,248.09044,57.95243,336.1635,169.00432
alamy_47.jpg,116.59105,39.322113,205.57161,155.87595
alamy_470.jpg,106.06749,15.797763,228.52078,171.08072
alamy_471.jpg,72.13145,143.6553,157.10075,276.5655
alamy_472.jpg,206.89467,80.95097,281.67828,192.41
alamy_473.jpg,226.5556,52.706482,266.42325,105.42496
alamy_474.jpg,138.64975,69.18248,168.66728,109.67078
alamy_475.jpg,219.37898,85.98812,281.954,175.9857
alamy_476.jpg,120.19778,65.265076,319.87918,270.99606
alamy_477.jpg,66.83467,151.65472,169.09634,316.23706
alamy_478.jpg,184.90326,56.92957,221.80681,104.753174
alamy_479.jpg,107.50435,52.419224,228.99971,201.58643
alamy_48.jpg,105.63833,178.31375,190.09642,264.54892
alamy_480.jpg,168.89526,71.48461,283.10876,218.02917
alamy_481.jpg,121.27876,87.86543,262.0031,242.77475
alamy_482.jpg,163.74765,40.673317,290.85727,214.88705
alamy_483.jpg,148.50003,102.35465,198.17862,164.46324
alamy_484.jpg,96.204216,27.15862,156.15434,98.75067
alamy_485.jpg,206.81131,56.379257,261.59518,132.88231
alamy_486.jpg,134.44447,72.05145,225.97292,187.35854
alamy_487.jpg,85.25753,101.28486,242.85587,302.43024
alamy_488.jpg,148.50003,102.35465,198.17862,164.46324
alamy_489.jpg,110.66625,3.2998943,316.9056,282.34924
alamy_49.jpg,111.65965,195.534,167.99858,271.19644
alamy_490.jpg,136.36766,80.86869,193.80559,155.0732
alamy_491.jpg,98.78346,104.73442,192.37122,211.49298
alamy_492.jpg,106.08859,74.51071,189.83516,172.55444
alamy_493.jpg,117.54676,31.09159,319.8184,254.096
alamy_494.jpg,258.913,66.518036,318.53387,146.31438
alamy_495.jpg,57.181076,136.94698,188.98308,311.31277
alamy_496.jpg,43.01552,72.30828,243.96094,285.51947
alamy_497.jpg,361.97134,88.08742,401.35825,125.456
alamy_498.jpg,119.667145,118.66626,166.92854,179.91333
alamy_499.jpg,188.32764,84.22096,296.40884,206.85071
alamy_5.jpg,147.61696,96.95338,213.26166,168.38806
alamy_50.jpg,95.542076,101.1255,223.44235,250.70233
alamy_500.jpg,111.60407,96.25138,144.28943,138.11247
alamy_501.jpg,126.11487,48.388847,211.98793,149.09875
alamy_502.jpg,179.7136,82.56604,222.80605,137.31888
alamy_503.jpg,201.75624,42.180347,367.91385,257.2075
alamy_504.jpg,122.39671,53.650787,179.54889,128.69594
alamy_505.jpg,39.170113,66.35163,103.85087,152.58893
alamy_506.jpg,99.74091,52.205887,218.88039,197.26459
alamy_507.jpg,112.747826,98.9408,181.97847,197.23607
alamy_508.jpg,163.77376,77.84144,286.54623,207.96686
alamy_509.jpg,106.33353,131.13469,193.42493,266.51373
alamy_51.jpg,141.32967,58.06813,292.32794,228.06912
alamy_510.jpg,130.48906,49.85899,211.74106,148.06021
alamy_511.jpg,106.31853,110.40612,189.33409,229.62424
alamy_512.jpg,121.275696,106.68913,206.98738,216.63356
alamy_513.jpg,41.586792,15.611226,217.64014,216.7401
alamy_514.jpg,119.558914,119.02754,167.12096,179.90028
alamy_515.jpg,173.54222,53.785736,247.02168,134.72424
alamy_516.jpg,103.59676,104.516884,250.73056,319.9622
alamy_517.jpg,297.33563,130.35796,342.5891,196.09193
alamy_518.jpg,102.098755,113.7114,182.70631,230.09435
alamy_519.jpg,28.011448,22.4751,172.9635,230.49863
alamy_52.jpg,268.1919,68.29317,310.00638,123.53397
alamy_520.jpg,37.03124,170.94144,147.17737,282.8803
alamy_521.jpg,38.713127,47.096336,274.64597,354.62186
alamy_522.jpg,123.09162,80.68153,179.73407,159.54411
alamy_523.jpg,149.56776,53.77644,213.21361,143.55307
alamy_524.jpg,141.4941,67.86147,260.1005,208.71925
alamy_525.jpg,191.80838,91.73544,265.9227,190.5992
alamy_526.jpg,224.55304,40.237473,284.32404,111.14921
alamy_527.jpg,197.212,127.54142,248.42375,198.00159
alamy_528.jpg,161.02928,155.51318,193.33302,204.85182
alamy_529.jpg,155.93504,54.339504,277.39603,218.29852
alamy_53.jpg,196.48831,64.276665,286.53714,199.86072
alamy_530.jpg,63.648663,93.6115,140.1816,200.24292
alamy_531.jpg,141.26122,36.360943,202.72462,101.614235
alamy_532.jpg,48.49052,148.30936,239.09076,362.66144
alamy_533.jpg,173.61775,58.363117,272.4992,197.65164
alamy_534.jpg,172.48064,87.44959,217.03127,151.5964
alamy_535.jpg,62.462597,61.720158,146.59201,163.01657
alamy_536.jpg,101.164116,81.45877,192.4539,206.87045
alamy_537.jpg,202.3664,57.21077,343.21338,263.6612
alamy_539.jpg,184.97835,80.025826,250.53575,166.85072
alamy_54.jpg,185.70125,70.15294,279.72446,188.1578
alamy_540.jpg,66.85736,82.68193,178.84247,223.0392
alamy_541.jpg,79.63299,90.35713,158.27948,192.54218
alamy_542.jpg,132.40634,25.92661,165.55858,67.91456
alamy_543.jpg,161.66847,67.71255,250.50453,194.95445
alamy_544.jpg,158.20786,65.88679,235.22699,177.06879
alamy_545.jpg,104.079704,75.28107,175.91971,177.05367
alamy_546.jpg,158.2637,57.571205,189.06726,101.233086
alamy_547.jpg,167.08998,26.749226,272.36646,163.90326
alamy_548.jpg,81.70162,118.920265,208.84427,288.70383
alamy_549.jpg,175.1245,57.35388,245.54349,155.54425
alamy_55.jpg,125.944695,38.309692,174.733,113.01833
alamy_550.jpg,38.538025,98.87421,235.62698,309.80603
alamy_551.jpg,192.35936,52.0109,234.53845,111.358154
alamy_552.jpg,209.97012,62.4719,303.7743,198.04623
alamy_553.jpg,91.366554,69.47333,266.8064,269.82663
alamy_554.jpg,259.4955,77.028366,318.9833,165.06396
alamy_555.jpg,126.4442,27.25144,220.38332,171.71054
alamy_556.jpg,133.6226,39.23813,310.40652,259.52957
alamy_557.jpg,352.28424,150.28699,360.59933,160.89212
alamy_558.jpg,93.87954,122.3634,202.36763,255.91432
alamy_559.jpg,135.4032,207.80632,168.3569,247.21094
alamy_56.jpg,139.01498,53.821854,256.0089,208.37161
alamy_560.jpg,180.88924,57.02303,256.76727,164.0407
alamy_561.jpg,101.5606,184.3366,179.1873,279.56775
alamy_562.jpg,261.03006,64.34106,337.07675,160.24225
alamy_563.jpg,106.74085,148.25835,185.1075,266.17682
alamy_564.jpg,55.47168,55.22779,236.6309,295.81543
alamy_565.jpg,66.54805,82.71099,173.54,215.31905
alamy_566.jpg,133.95613,31.515026,269.7792,217.23285
alamy_567.jpg,46.239227,70.320274,276.01523,382.9413
alamy_568.jpg,65.53488,199.84453,210.99854,318.50116
alamy_57.jpg,336.30954,38.526005,605.82385,281.7674
alamy_570.jpg,111.836365,73.1807,362.2249,288.80347
alamy_571.jpg,106.62737,140.60504,202.96457,271.1147
alamy_572.jpg,93.551285,93.059265,124.966934,141.37598
alamy_573.jpg,150.3926,75.77628,267.96136,229.51422
alamy_574.jpg,192.48196,25.583124,326.4584,197.95631
alamy_575.jpg,207.4802,101.1508,278.39853,187.16672
alamy_576.jpg,113.44566,40.68866,286.83136,238.09848
alamy_577.jpg,246.74931,27.334612,292.50394,88.24611
alamy_578.jpg,52.890854,93.11289,238.87953,323.95822
alamy_579.jpg,172.32056,138.99934,218.53127,196.57713
alamy_58.jpg,79.34697,31.649027,169.07599,183.29617
alamy_580.jpg,227.49847,15.68515,385.25726,258.51263
alamy_581.jpg,214.64056,105.8918,263.0468,160.57535
alamy_582.jpg,110.07078,95.181526,238.10944,257.80038
alamy_583.jpg,142.04155,52.03968,230.77592,172.5904
alamy_584.jpg,179.35938,9.2218685,332.38336,181.44147
alamy_585.jpg,144.29436,131.3245,191.62325,194.90079
alamy_587.jpg,140.32256,77.667786,268.99454,235.08594
alamy_588.jpg,154.10742,99.39717,211.53778,153.76483
alamy_589.jpg,108.922195,168.24391,169.11446,237.19771
alamy_59.jpg,115.94498,106.91958,191.84848,203.5468
alamy_590.jpg,114.11284,101.08192,206.37357,195.06543
alamy_591.jpg,193.20665,67.95519,327.6732,220.02815
alamy_592.jpg,135.52937,120.12741,199.02963,198.40884
alamy_593.jpg,115.338425,79.416306,183.6827,171.00975
alamy_594.jpg,146.07071,114.421555,258.01416,226.16411
alamy_595.jpg,120.585556,69.103264,164.77655,136.02715
alamy_596.jpg,132.648,65.813896,217.95305,178.95645
alamy_597.jpg,186.32431,99.61544,249.92505,172.48709
alamy_598.jpg,290.509,21.205276,356.50894,104.75157
alamy_599.jpg,222.28767,59.98818,303.2877,157.25024
alamy_6.jpg,55.68033,91.81439,154.71678,236.76636
alamy_60.jpg,135.58437,190.49652,176.39006,247.40996
alamy_600.jpg,114.47818,89.909546,191.65982,199.07825
alamy_601.jpg,233.21117,68.37439,337.26602,227.07549
alamy_602.jpg,169.10457,87.21617,272.02438,227.18535
alamy_603.jpg,198.37039,30.771389,240.02565,86.55422
alamy_604.jpg,93.21487,151.93456,252.75398,336.79193
alamy_605.jpg,87.76534,60.019585,197.01813,203.36789
alamy_606.jpg,114.06166,49.620438,282.52438,257.1736
alamy_607.jpg,104.44769,104.40901,186.85738,211.02739
alamy_609.jpg,134.94824,128.82068,215.28566,265.3864
alamy_61.jpg,136.497,89.20509,168.03944,129.67827
alamy_610.jpg,169.21747,97.63009,258.8866,212.24911
alamy_611.jpg,58.78918,40.54122,276.86905,269.78055
alamy_612.jpg,134.34348,33.142235,309.43088,228.80923
alamy_613.jpg,98.1171,150.3718,206.6396,297.92322
alamy_614.jpg,100.97333,42.397324,192.34235,142.40579
alamy_616.jpg,60.733154,54.41588,118.88339,136.51125
alamy_617.jpg,46.979122,93.76853,154.64494,238.46062
alamy_618.jpg,160.11108,74.93472,311.6621,215.03546
alamy_619.jpg,144.91753,49.753838,248.39798,183.93874
alamy_62.jpg,155.41916,99.62045,276.4388,237.90175
alamy_620.jpg,129.84874,20.998898,372.26514,261.91605
alamy_621.jpg,183.8482,68.576416,319.83813,212.57135
alamy_623.jpg,213.81477,58.2852,345.03476,232.8381
alamy_624.jpg,92.37465,95.03809,205.94601,227.50505
alamy_625.jpg,96.35123,98.74607,195.74571,240.33516
alamy_626.jpg,75.73613,35.66918,244.15019,267.1151
alamy_627.jpg,110.30493,130.74498,138.52328,171.01962
alamy_628.jpg,151.77576,45.40307,254.7156,151.06337
alamy_63.jpg,164.17021,148.66962,195.44525,192.59796
alamy_630.jpg,132.80573,1.940167,310.91254,218.34659
alamy_631.jpg,154.21068,57.06024,179.24527,84.11601
alamy_632.jpg,168.6525,100.50893,264.32285,231.90773
alamy_633.jpg,227.6683,96.98741,254.73665,132.30252
alamy_634.jpg,94.65969,97.98792,163.33981,201.11206
alamy_635.jpg,261.6721,57.38372,394.0651,240.73154
alamy_636.jpg,118.86656,43.769783,169.02739,108.124565
alamy_637.jpg,197.00711,21.144335,303.53574,144.04434
alamy_638.jpg,184.49956,48.11017,260.97455,147.31236
alamy_639.jpg,60.48741,62.172787,197.75435,203.87547
alamy_64.jpg,53.569458,179.78975,200.63258,383.5517
alamy_640.jpg,284.26233,46.7367,341.68665,118.87315
alamy_641.jpg,205.37068,40.031723,314.3601,192.25615
alamy_642.jpg,161.94864,57.40123,211.88454,115.314064
alamy_643.jpg,93.712135,177.60353,238.19804,375.42242
alamy_644.jpg,188.15291,50.28973,264.54446,153.55013
alamy_645.jpg,45.11922,30.16189,181.7656,195.76134
alamy_646.jpg,64.65421,64.23872,168.61879,177.30605
alamy_647.jpg,158.05954,6.3422728,263.86273,132.64102
alamy_648.jpg,91.70376,189.99553,176.91995,303.27103
alamy_649.jpg,215.725,60.041695,251.46393,107.53165
alamy_65.jpg,209.1252,121.05606,251.59537,183.95343
alamy_650.jpg,123.377495,65.334915,207.44589,180.96533
alamy_651.jpg,204.81213,30.801363,280.55048,142.54773
alamy_652.jpg,162.93863,66.41389,271.07645,213.44318
alamy_653.jpg,104.722404,102.47136,200.2602,245.95674
alamy_654.jpg,189.51007,72.122986,271.94482,165.87569
alamy_655.jpg,171.13872,93.1108,251.9571,192.32327
alamy_656.jpg,192.94044,105.7716,283.68372,205.58806
alamy_657.jpg,153.11777,6.970129,276.73044,143.74464
alamy_658.jpg,262.0267,40.68696,321.8404,116.66844
alamy_659.jpg,118.20795,54.63104,193.99356,138.17204
alamy_66.jpg,168.51566,78.451035,321.6464,257.81204
alamy_660.jpg,145.34093,37.804848,179.83014,75.71293
alamy_661.jpg,86.47186,88.59651,174.45482,228.2639
alamy_662.jpg,252.28008,41.38881,321.91312,125.16612
alamy_663.jpg,102.89143,83.41517,212.85632,221.87572
alamy_664.jpg,137.23444,126.001884,207.41022,196.40906
alamy_665.jpg,263.19394,33.918167,302.2844,85.69908
alamy_666.jpg,128.6143,119.05697,196.721,200.31227
alamy_667.jpg,44.18645,139.60623,252.69287,387.8209
alamy_668.jpg,91.53392,105.80921,206.70996,260.5537
alamy_669.jpg,131.37848,101.8137,236.44858,224.80832
alamy_67.jpg,142.85194,65.95997,164.98416,97.657
alamy_670.jpg,145.17926,64.28694,280.87286,213.91211
alamy_671.jpg,106.349884,60.181454,216.4238,226.02258
alamy_672.jpg,178.05894,82.32258,254.13274,173.78265
alamy_673.jpg,190.1185,54.51039,238.72522,110.31921
alamy_674.jpg,215.78287,48.306725,262.20514,103.542946
alamy_675.jpg,104.18881,42.098686,372.64526,298.9252
alamy_676.jpg,90.0036,77.238365,220.78035,265.05542
alamy_677.jpg,172.32298,206.88303,223.36163,262.2793
alamy_678.jpg,47.342827,100.3478,186.76518,356.60144
alamy_679.jpg,129.5856,109.270515,173.79012,175.68123
alamy_68.jpg,192.55293,97.24573,245.71904,170.21902
alamy_680.jpg,98.349525,57.922665,146.72462,126.46507
alamy_682.jpg,78.98013,100.02847,181.135,266.3912
alamy_683.jpg,134.62703,90.855194,196.21506,181.36575
alamy_684.jpg,188.29338,93.8459,258.56534,178.65602
alamy_685.jpg,183.65623,172.4039,279.56445,307.4973
alamy_686.jpg,159.98701,98.378456,213.0573,169.85825
alamy_687.jpg,134.97925,95.71783,204.42032,190.61655
alamy_688.jpg,97.12887,72.50506,243.565,244.07272
alamy_69.jpg,250.86067,45.679382,349.04224,189.3139
alamy_690.jpg,118.43043,43.30408,217.54128,144.69147
alamy_691.jpg,119.09448,74.8584,196.5573,178.74277
alamy_692.jpg,189.66841,94.47819,237.38641,157.24525
alamy_693.jpg,202.31772,84.23163,244.44907,144.07205
alamy_694.jpg,140.97897,120.408226,189.0898,183.8861
alamy_695.jpg,43.276737,62.805607,197.697,249.79678
alamy_696.jpg,163.29004,36.334587,264.5219,183.47855
alamy_698.jpg,235.94598,37.673283,309.98242,142.09406
alamy_699.jpg,26.211067,73.657394,169.0179,281.78094
alamy_7.jpg,140.63159,86.542915,210.42928,173.76312
alamy_70.jpg,160.2988,74.506714,214.74599,153.23459
alamy_700.jpg,206.5824,13.205376,368.70026,207.04657
alamy_701.jpg,163.96022,73.93158,283.6862,224.69987
alamy_702.jpg,144.5426,30.46141,239.00577,170.02841
alamy_703.jpg,111.52932,42.93135,146.09897,89.712746
alamy_704.jpg,144.40675,39.522255,290.58508,252.47154
alamy_705.jpg,105.58043,116.02875,268.0429,274.89716
alamy_706.jpg,98.9559,90.587166,216.63603,253.88252
alamy_707.jpg,85.13619,69.42979,211.90979,231.20068
alamy_708.jpg,212.82819,69.94583,298.9123,185.12833
alamy_709.jpg,45.767498,70.65899,198.33589,263.168
alamy_710.jpg,133.37723,46.15137,252.68108,237.4195
alamy_711.jpg,126.386566,42.081245,174.78943,99.97361
alamy_713.jpg,84.548004,86.54364,236.03914,237.02313
alamy_714.jpg,114.11912,50.137726,170.40813,123.75638
alamy_715.jpg,237.05145,58.67927,352.55536,217.47946
alamy_717.jpg,139.80174,21.06389,269.7161,234.11774
alamy_718.jpg,121.6951,76.28436,202.96495,148.91013
alamy_719.jpg,201.03339,5.6095266,322.6934,139.45004
alamy_72.jpg,166.62833,59.82814,349.58978,262.61502
alamy_720.jpg,79.81172,79.29313,201.27086,249.46936
alamy_721.jpg,158.39168,114.93095,195.30074,162.35283
alamy_724.jpg,141.68253,33.911533,199.11308,119.87903
alamy_725.jpg,206.49673,43.68055,348.6674,201.8425
alamy_726.jpg,238.64616,96.85962,309.85266,187.67392
alamy_727.jpg,128.96648,12.272396,246.80856,162.02238
alamy_728.jpg,278.147,38.14383,318.51355,94.93341
alamy_729.jpg,148.71454,84.50212,207.92285,150.45796
alamy_73.jpg,138.88864,70.187164,269.08286,252.81721
alamy_730.jpg,149.22552,80.28347,216.34314,167.4082
alamy_731.jpg,157.79999,50.891018,217.63159,135.5089
alamy_732.jpg,145.75264,31.314812,303.30527,259.537
alamy_733.jpg,215.11913,79.444824,252.59808,129.97748
alamy_734.jpg,25.277739,112.261894,84.29119,181.61365
alamy_735.jpg,157.74327,50.31696,190.29051,93.46485
alamy_736.jpg,234.82384,71.39142,300.18024,155.63406
alamy_737.jpg,104.88122,142.96109,134.92343,190.51646
alamy_738.jpg,169.19058,19.340582,339.07516,246.17859
alamy_739.jpg,95.92862,27.249031,136.76698,75.15874
alamy_74.jpg,136.0344,50.460926,226.69553,170.22025
alamy_740.jpg,102.49715,97.73948,166.99301,191.59834
alamy_741.jpg,92.35169,84.49005,199.5127,226.27835
alamy_742.jpg,79.952774,138.00447,218.32303,338.7572
alamy_743.jpg,142.64645,92.157074,270.28778,213.82047
alamy_744.jpg,80.8036,194.85449,152.65825,281.7627
alamy_745.jpg,204.48912,36.17482,332.7265,216.73917
alamy_746.jpg,122.704506,66.864365,257.08615,254.99756
alamy_747.jpg,119.002,5.2798176,294.58963,234.32205
alamy_748.jpg,100.13264,40.371567,127.9698,72.57003
alamy_749.jpg,191.59294,21.045675,237.57866,74.19751
alamy_75.jpg,258.61502,83.063545,348.19272,202.30759
alamy_750.jpg,156.57237,57.891407,295.4015,264.31055
alamy_751.jpg,110.55478,45.00264,184.284,146.90105
alamy_752.jpg,70.62968,91.495346,231.4407,291.68573
alamy_753.jpg,167.15785,60.936806,243.95877,184.10138
alamy_754.jpg,129.40244,87.22319,210.04431,202.88748
alamy_755.jpg,128.40575,28.556654,181.65686,108.45897
alamy_756.jpg,131.39311,132.6479,154.31696,161.37325
alamy_757.jpg,121.06767,88.317795,190.65927,179.38649
alamy_758.jpg,95.975,151.11711,192.47307,285.88544
alamy_759.jpg,108.99144,79.44876,196.34308,191.78468
alamy_76.jpg,181.58441,50.67306,239.45905,131.48007
alamy_760.jpg,121.7044,42.500683,183.7708,132.62163
alamy_761.jpg,172.655,57.86773,255.6183,160.00023
alamy_762.jpg,177.20738,87.87106,275.47354,240.32272
alamy_764.jpg,238.18002,75.67486,343.58295,214.01105
alamy_765.jpg,122.49862,80.80037,145.08588,106.84554
alamy_766.jpg,216.85587,68.02495,253.70346,115.19168
alamy_767.jpg,138.97382,130.68053,170.78902,165.73866
alamy_768.jpg,92.46857,46.97303,130.39792,96.31802
alamy_769.jpg,92.75322,60.73577,184.985,164.939
alamy_77.jpg,106.43715,93.34635,190.95248,200.67393
alamy_770.jpg,297.0742,86.02158,354.6112,161.7057
alamy_771.jpg,124.08288,110.77093,147.57898,146.30768
alamy_772.jpg,122.70575,89.51562,181.31097,162.13419
alamy_773.jpg,231.4059,112.748184,283.32043,179.49515
alamy_774.jpg,208.16682,35.20618,243.90724,81.07431
alamy_775.jpg,146.15982,40.452557,187.5997,95.598465
alamy_776.jpg,241.23265,83.04033,291.00314,150.7698
alamy_777.jpg,129.00058,139.19922,176.90843,192.46841
alamy_778.jpg,84.25348,9.660221,90.84898,17.998907
alamy_78.jpg,195.53455,89.50351,304.25427,214.81631
alamy_780.jpg,103.141785,66.02873,273.5894,289.67633
alamy_781.jpg,226.61096,89.27596,280.8426,155.04785
alamy_782.jpg,136.02954,84.74873,169.6835,135.02492
alamy_783.jpg,123.73842,61.481247,260.62097,219.71002
alamy_784.jpg,80.48769,26.629852,201.23187,177.67194
alamy_785.jpg,103.99484,59.740784,191.06888,187.74358
alamy_786.jpg,198.81091,29.489002,264.9373,118.55888
alamy_787.jpg,234.96655,100.471115,249.59259,123.27135
alamy_788.jpg,126.36942,78.86618,163.42664,129.28072
alamy_789.jpg,115.72089,94.89132,162.95183,159.65009
alamy_79.jpg,223.6154,51.87281,343.58432,197.9664
alamy_790.jpg,184.71255,62.59052,247.92883,148.80043
alamy_791.jpg,190.72824,106.97262,272.7902,208.98775
alamy_792.jpg,87.01553,28.198036,198.20233,172.45941
alamy_793.jpg,217.4797,104.28464,249.3922,150.09729
alamy_794.jpg,217.77104,66.85573,353.35632,226.15828
alamy_795.jpg,134.50595,86.66425,171.02852,141.24353
alamy_796.jpg,149.80917,98.42197,201.77284,158.606
alamy_797.jpg,115.960655,154.44772,239.68585,316.88098
alamy_799.jpg,115.528725,160.76424,177.69023,237.75327
alamy_8.jpg,108.78736,175.93764,170.21507,247.45853
alamy_80.jpg,54.20122,45.621014,98.56241,94.74189
alamy_800.jpg,248.82346,70.87978,297.04428,130.50153
alamy_801.jpg,126.68748,78.35736,177.82397,141.47752
alamy_802.jpg,194.1409,88.35764,256.39536,157.0872
alamy_803.jpg,264.2835,59.077927,342.95178,152.33894
alamy_804.jpg,112.99242,58.425232,167.70738,122.00998
alamy_805.jpg,148.81046,192.19725,226.14691,255.35365
alamy_806.jpg,196.51418,82.68543,227.0156,124.23937
alamy_807.jpg,152.279,99.91221,179.10489,140.9228
alamy_808.jpg,141.83946,72.913666,194.64792,134.75395
alamy_809.jpg,162.17923,10.815954,266.73068,145.13739
alamy_81.jpg,101.407104,50.772682,190.38403,167.491
alamy_810.jpg,142.39447,44.507034,190.32556,101.94452
alamy_811.jpg,85.75673,84.87236,196.80519,242.30571
alamy_812.jpg,179.85056,130.82716,206.93343,170.69022
alamy_813.jpg,179.2618,63.96335,331.17996,266.54175
alamy_814.jpg,112.346504,64.60567,231.66025,238.01373
alamy_815.jpg,152.65013,100.0449,179.10376,141.06268
alamy_816.jpg,104.723045,32.846672,171.17369,115.88062
alamy_817.jpg,254.71094,62.40142,343.40173,178.27194
alamy_818.jpg,172.0618,85.591354,286.96585,241.71501
alamy_819.jpg,275.1931,45.219826,339.27844,132.57857
alamy_82.jpg,151.08833,81.42188,284.9438,266.9485
alamy_820.jpg,101.26094,50.991806,167.84718,168.78677
alamy_821.jpg,216.29262,27.443066,277.27393,114.05408
alamy_822.jpg,267.2957,83.67804,318.74554,152.48283
alamy_823.jpg,165.71297,51.723717,249.2465,152.58313
alamy_824.jpg,129.36311,78.40001,156.55038,114.47669
alamy_825.jpg,48.48588,90.36916,205.26755,286.49075
alamy_826.jpg,101.544754,49.52304,145.72905,105.44834
alamy_827.jpg,119.73685,56.959625,196.03703,157.91216
alamy_828.jpg,217.48715,101.81019,291.1335,195.8519
alamy_829.jpg,170.69833,127.16826,270.78253,236.80258
alamy_83.jpg,122.854225,72.099434,163.78291,123.4397
alamy_830.jpg,171.68365,36.607113,207.4454,81.61162
alamy_831.jpg,150.97224,83.62326,236.60683,180.88016
alamy_832.jpg,115.73932,69.448235,230.68268,235.45125
alamy_833.jpg,176.93124,31.51413,199.56853,55.437756
alamy_834.jpg,203.77063,73.87416,262.42444,148.02309
alamy_835.jpg,140.77094,61.91185,294.40314,245.73357
alamy_836.jpg,171.98792,65.8612,277.8934,259.95514
alamy_837.jpg,66.05381,85.346825,142.17308,184.2548
alamy_838.jpg,101.300186,96.77503,213.47374,253.72627
alamy_839.jpg,159.96384,43.533615,217.0892,124.667984
alamy_84.jpg,194.77931,52.375835,236.52151,107.82858
alamy_840.jpg,215.11679,42.11527,243.87935,82.336365
alamy_841.jpg,119.78253,77.81638,190.1443,171.05954
alamy_842.jpg,235.7946,88.42342,251.8469,109.33603
alamy_843.jpg,172.5774,97.3732,237.98337,183.53323
alamy_844.jpg,118.38792,62.89923,171.11818,135.72047
alamy_845.jpg,111.98892,48.80204,184.56598,136.39133
alamy_846.jpg,141.10576,118.307945,171.60358,160.98811
alamy_847.jpg,159.47325,110.763855,203.04533,200.44727
alamy_848.jpg,253.81252,97.75623,282.17712,135.96368
alamy_849.jpg,261.45673,76.640724,335.74774,169.08157
alamy_85.jpg,163.2672,46.548164,294.05997,223.41423
alamy_850.jpg,71.16067,63.696766,130.93175,167.03485
alamy_851.jpg,164.54053,67.55243,286.44403,225.58836
alamy_852.jpg,180.85616,104.981415,266.02594,197.05353
alamy_853.jpg,214.70729,87.10089,277.49646,165.6729
alamy_854.jpg,206.61272,107.84896,254.8998,175.65965
alamy_855.jpg,165.51733,78.31954,228.14001,143.88445
alamy_856.jpg,235.31491,99.48506,267.64203,141.7171
alamy_857.jpg,121.02067,72.12311,190.035,164.34134
alamy_858.jpg,149.35039,154.69302,174.58131,192.09276
alamy_859.jpg,147.91014,44.37174,167.11618,65.55665
alamy_86.jpg,277.33084,59.006744,383.5375,181.14302
alamy_860.jpg,91.795006,97.72575,218.18195,254.71089
alamy_861.jpg,121.42375,146.31367,199.4604,240.37593
alamy_862.jpg,111.39342,22.869259,218.97,152.00761
alamy_863.jpg,129.39574,58.31913,202.73459,153.19946
alamy_864.jpg,137.22421,205.67227,172.20927,251.68777
alamy_865.jpg,166.64122,55.935745,289.80594,238.24963
alamy_866.jpg,187.35226,68.352264,298.44922,221.5158
alamy_867.jpg,228.89423,8.510478,271.88544,83.46278
alamy_868.jpg,271.499,94.33919,305.18387,134.86697
alamy_869.jpg,160.67175,81.98994,288.4905,242.5668
alamy_87.jpg,167.10555,29.14608,249.09843,141.71884
alamy_870.jpg,190.12067,119.97801,226.02184,162.64413
alamy_871.jpg,212.0113,69.28832,272.61633,140.855
alamy_873.jpg,212.89804,135.86612,252.03624,183.90474
alamy_874.jpg,111.49869,176.98294,165.24196,244.60309
alamy_875.jpg,124.34076,38.703606,201.05867,146.55504
alamy_876.jpg,241.64563,62.983135,310.25766,148.87677
alamy_877.jpg,122.64783,44.02442,239.5617,189.05128
alamy_878.jpg,190.67395,67.46043,277.3777,179.67091
alamy_879.jpg,129.94797,34.0664,236.8811,176.47174
alamy_88.jpg,201.88408,50.259144,229.50014,89.59375
alamy_880.jpg,327.7902,70.14596,348.13098,96.34395
alamy_881.jpg,189.48526,50.09941,301.31012,189.30574
alamy_882.jpg,216.80582,61.09539,272.51547,133.82466
alamy_883.jpg,145.16904,46.840305,305.05728,236.76395
alamy_884.jpg,147.32706,55.469482,244.51996,195.42499
alamy_885.jpg,97.399216,23.01189,152.7542,91.584816
alamy_886.jpg,277.9146,133.93236,403.03662,288.8081
alamy_887.jpg,127.55595,76.864456,209.3818,179.06776
alamy_888.jpg,172.20386,66.940605,288.32092,219.67415
alamy_889.jpg,157.40009,55.034523,259.91528,199.53183
alamy_89.jpg,97.04065,57.0968,179.94783,179.72205
alamy_890.jpg,258.94928,20.071135,396.0447,214.46999
alamy_891.jpg,131.01317,46.440346,171.88437,101.77219
alamy_892.jpg,150.33633,91.225174,206.35165,159.43599
alamy_893.jpg,168.69237,78.64095,250.58374,191.95071
alamy_894.jpg,252.15259,72.63075,324.02646,160.448
alamy_895.jpg,160.14091,251.79628,227.03685,328.5038
alamy_896.jpg,49.084587,85.17121,239.06506,293.98526
alamy_897.jpg,302.4358,85.736435,350.48077,147.64032
alamy_898.jpg,187.37747,88.886536,247.81363,163.5521
alamy_899.jpg,162.78441,41.320362,212.22897,110.78235
alamy_9.jpg,125.887344,165.93199,158.6448,205.93233
alamy_90.jpg,229.91525,62.709717,310.14615,165.69168
alamy_900.jpg,73.4458,87.67479,214.50839,261.75784
alamy_901.jpg,129.24832,51.701435,173.57172,107.28645
alamy_902.jpg,217.74484,102.9106,289.3775,193.04254
alamy_903.jpg,164.02444,78.351944,235.74284,160.87799
alamy_904.jpg,148.5097,39.212086,192.79198,96.59137
alamy_905.jpg,74.28768,67.66223,217.72502,268.71902
alamy_906.jpg,207.046,105.865204,274.30057,181.83989
alamy_907.jpg,127.68756,74.70496,261.73584,269.5326
alamy_908.jpg,253.03723,31.154781,308.39917,112.799515
alamy_909.jpg,262.43195,42.702217,327.15225,134.88745
alamy_91.jpg,190.53761,51.913765,390.39313,294.16693
alamy_910.jpg,97.256935,31.47124,185.00443,142.2401
alamy_911.jpg,68.36097,108.71038,233.27367,320.44745
alamy_913.jpg,71.785675,56.82059,178.09811,161.30685
alamy_915.jpg,206.80733,43.52378,252.36798,99.473114
alamy_916.jpg,183.88374,31.74981,247.3656,108.6741
alamy_917.jpg,238.05978,71.30649,286.88382,126.448105
alamy_918.jpg,140.24814,77.00413,179.19489,125.510994
alamy_919.jpg,161.90894,43.52438,307.9736,217.29842
alamy_92.jpg,85.401215,10.000129,224.09084,144.06595
alamy_920.jpg,189.86433,80.19913,261.36237,194.18692
alamy_921.jpg,112.356346,66.34041,236.87875,218.665
alamy_922.jpg,92.01334,130.93846,186.63159,269.02213
alamy_923.jpg,137.8442,70.34695,182.39168,126.29163
alamy_924.jpg,149.84074,78.9529,209.8273,160.56679
alamy_925.jpg,136.17557,36.451035,281.60516,239.70345
alamy_926.jpg,182.91167,45.582336,258.82416,143.97745
alamy_927.jpg,188.36052,60.534935,245.99062,140.77023
alamy_928.jpg,133.5092,36.299164,303.1616,273.5948
alamy_929.jpg,135.54144,74.42213,192.18924,153.24623
alamy_93.jpg,80.37284,64.13354,195.80882,224.25659
alamy_931.jpg,95.28847,8.923769,263.79294,197.35046
alamy_932.jpg,95.271614,110.600685,192.81744,230.78069
alamy_933.jpg,135.89693,87.47405,242.25484,237.7314
alamy_934.jpg,240.37152,51.042564,304.75934,136.05582
alamy_935.jpg,96.94181,153.82036,189.06422,271.64078
alamy_936.jpg,288.5536,128.15964,326.29504,175.48389
alamy_937.jpg,137.69972,65.19985,213.18283,175.46115
alamy_938.jpg,102.69831,60.258297,189.78493,159.33456
alamy_939.jpg,107.67027,45.387253,148.71548,115.41915
alamy_94.jpg,135.10674,149.96094,169.5925,198.97258
alamy_940.jpg,69.43405,131.52888,218.78555,306.0075
alamy_941.jpg,261.55212,51.04049,318.98727,119.764244
alamy_942.jpg,120.650955,64.407585,270.59198,259.4619
alamy_943.jpg,140.4254,17.072601,204.36275,121.88753
alamy_944.jpg,125.147255,79.98815,225.05617,224.29482
alamy_945.jpg,129.10957,61.91535,242.64244,242.37027
alamy_946.jpg,68.84647,125.69163,165.22932,213.71878
alamy_947.jpg,206.22562,51.166004,273.34183,132.1925
alamy_948.jpg,264.84207,95.69805,331.3459,157.53143
alamy_949.jpg,308.79434,54.66899,355.86255,117.49974
alamy_95.jpg,254.10132,75.75696,352.34442,213.20514
alamy_950.jpg,133.69391,27.98263,162.95967,80.2045
alamy_951.jpg,204.40811,62.248833,350.26236,238.06354
alamy_952.jpg,104.03984,69.42933,189.4985,190.8734
alamy_953.jpg,73.21935,93.75183,233.44487,314.42386
alamy_954.jpg,99.375725,82.99011,175.62961,180.54105
alamy_955.jpg,126.62988,76.793755,169.7644,140.90773
alamy_956.jpg,135.89467,4.44118,203.67506,98.23971
alamy_957.jpg,222.92456,32.982597,365.99252,220.91837
alamy_958.jpg,77.704956,98.26328,167.85269,202.35065
alamy_959.jpg,79.36987,38.22007,125.345634,103.46387
alamy_96.jpg,99.500046,97.88843,132.60985,133.37212
alamy_960.jpg,131.56998,64.70862,253.68799,204.68584
alamy_961.jpg,90.03856,67.06226,222.75468,243.01306
alamy_962.jpg,141.834,8.371882,204.66463,96.38798
alamy_964.jpg,72.602425,56.699753,226.79227,236.25874
alamy_965.jpg,57.695587,125.845665,255.11597,386.26617
alamy_966.jpg,233.70451,68.77554,301.22446,160.1332
alamy_967.jpg,156.51959,116.99393,250.34781,216.37724
alamy_968.jpg,216.57503,27.295341,296.67993,129.49255
alamy_969.jpg,229.53561,57.60867,316.4687,176.06992
alamy_97.jpg,189.60295,33.598267,264.4423,145.08737
alamy_971.jpg,213.1135,101.15612,236.42636,127.310524
alamy_972.jpg,144.60028,41.55508,230.36143,146.40276
alamy_973.jpg,259.4284,41.30209,292.70734,68.6329
alamy_974.jpg,233.79596,145.41176,286.05374,210.8863
alamy_976.jpg,118.72285,143.31908,190.57007,220.4906
alamy_977.jpg,151.0918,49.17793,217.27684,146.53557
alamy_978.jpg,147.79791,24.00368,220.99074,111.98486
alamy_979.jpg,243.01291,94.6385,384.11423,248.2991
alamy_98.jpg,202.32814,29.052864,308.0493,132.06955
alamy_980.jpg,245.08331,97.10539,298.64505,160.47835
alamy_981.jpg,117.910835,50.26921,188.86385,151.19702
alamy_982.jpg,152.11807,99.14084,195.72324,163.54674
alamy_983.jpg,197.5821,38.04234,275.43402,129.25156
alamy_984.jpg,199.02968,85.05721,295.63495,208.24283
alamy_985.jpg,264.02063,19.025333,304.3943,82.25999
alamy_986.jpg,128.55461,31.591114,185.05154,100.155014
alamy_987.jpg,50.684044,35.03275,176.92738,195.3908
alamy_988.jpg,62.3792,21.04488,153.10132,146.90192
alamy_989.jpg,197.20294,21.432835,333.68707,163.50809
alamy_99.jpg,130.87996,55.61204,228.13518,190.59045
alamy_990.jpg,250.45256,70.08026,342.63358,183.62833
alamy_991.jpg,124.61365,81.596054,163.82843,133.06247
alamy_992.jpg,318.56207,71.37231,383.25378,164.0306
alamy_993.jpg,89.47017,88.19492,218.90173,223.63889
alamy_994.jpg,197.65767,83.52527,263.81573,163.33005
alamy_995.jpg,211.90262,73.037346,248.39052,123.04374
alamy_996.jpg,186.09099,105.35663,303.1994,259.97693
alamy_997.jpg,171.70009,75.73442,276.8451,200.3179
alamy_998.jpg,116.72367,105.89906,175.67542,172.96844
alamy_999.jpg,97.83309,13.605957,320.35916,216.44737
